-- phpMyAdmin SQL Dump
-- version 5.2.1
-- https://www.phpmyadmin.net/
--
-- Host: 127.0.0.1
-- Tempo de geração: 08/08/2024 às 01:38
-- Versão do servidor: 10.4.32-MariaDB
-- Versão do PHP: 8.2.12

SET SQL_MODE = "NO_AUTO_VALUE_ON_ZERO";
START TRANSACTION;
SET time_zone = "+00:00";


/*!40101 SET @OLD_CHARACTER_SET_CLIENT=@@CHARACTER_SET_CLIENT */;
/*!40101 SET @OLD_CHARACTER_SET_RESULTS=@@CHARACTER_SET_RESULTS */;
/*!40101 SET @OLD_COLLATION_CONNECTION=@@COLLATION_CONNECTION */;
/*!40101 SET NAMES utf8mb4 */;

--
-- Banco de dados: `bdbilhetagem`
--

-- --------------------------------------------------------

--
-- Estrutura para tabela `tbentrada`
--

CREATE TABLE `tbentrada` (
  `id_entrada` int(11) NOT NULL,
  `id_prevenda` int(11) NOT NULL,
  `id_vinculado` int(11) NOT NULL,
  `perfil_acesso` int(11) NOT NULL,
  `previnculo_status` int(11) NOT NULL DEFAULT 1,
  `motivo_cancela` int(11) NOT NULL,
  `id_pacote` int(11) NOT NULL,
  `datahora_entra` varchar(250) NOT NULL,
  `datahora_saida` varchar(250) NOT NULL,
  `tempo_excede` int(11) NOT NULL,
  `tempo_permanencia` int(11) NOT NULL,
  `pgto_extra` int(11) NOT NULL,
  `pgto_extra_valor` decimal(10,2) NOT NULL,
  `ativo` int(11) NOT NULL DEFAULT 1,
  `pct_valor` decimal(10,2) NOT NULL,
  `pct_duracao` int(11) NOT NULL,
  `pct_valor_adicional` decimal(10,2) NOT NULL,
  `pct_qtde_compra` int(11) NOT NULL,
  `pct_minuto_compra` int(11) NOT NULL,
  `pct_tolerancia` int(11) NOT NULL,
  `pct_nome` varchar(150) NOT NULL,
  `autoriza` int(11) NOT NULL
) ENGINE=InnoDB DEFAULT CHARSET=utf8mb4 COLLATE=utf8mb4_general_ci;

--
-- Despejando dados para a tabela `tbentrada`
--

INSERT INTO `tbentrada` (`id_entrada`, `id_prevenda`, `id_vinculado`, `perfil_acesso`, `previnculo_status`, `motivo_cancela`, `id_pacote`, `datahora_entra`, `datahora_saida`, `tempo_excede`, `tempo_permanencia`, `pgto_extra`, `pgto_extra_valor`, `ativo`, `pct_valor`, `pct_duracao`, `pct_valor_adicional`, `pct_qtde_compra`, `pct_minuto_compra`, `pct_tolerancia`, `pct_nome`, `autoriza`) VALUES
(1, 1, 1, 1, 4, 0, 1, '1715561552', '1718768085', 53436, 0, 1, 1.00, 1, 0.00, 0, 0.00, 0, 0, 0, '', 0),
(2, 1, 2, 1, 4, 0, 1, '1715561552', '1718768085', 53436, 0, 1, 1.00, 1, 0.00, 0, 0.00, 0, 0, 0, '', 0),
(3, 1, 3, 1, 4, 0, 1, '1715561552', '1718768085', 53436, 0, 1, 1.00, 1, 0.00, 0, 0.00, 0, 0, 0, '', 0),
(4, 1, 4, 1, 4, 0, 1, '1715561552', '1718768085', 53436, 0, 1, 1.00, 1, 0.00, 0, 0.00, 0, 0, 0, '', 0),
(5, 1, 5, 1, 2, 0, 3, '', '', 0, 0, 0, 0.00, 1, 0.00, 0, 0.00, 0, 0, 0, '', 0),
(6, 1, 6, 1, 2, 0, 3, '', '', 0, 0, 0, 0.00, 1, 0.00, 0, 0.00, 0, 0, 0, '', 0),
(7, 3, 7, 1, 4, 0, 1, '1715569594', '1718775212', 53420, 0, 1, 3.00, 1, 0.00, 0, 0.00, 0, 0, 0, '', 0),
(8, 3, 8, 1, 2, 0, 2, '', '', 0, 0, 0, 0.00, 1, 0.00, 0, 0.00, 0, 0, 0, '', 0),
(9, 3, 9, 1, 2, 0, 1, '', '', 0, 0, 0, 0.00, 1, 0.00, 0, 0.00, 0, 0, 0, '', 0),
(10, 3, 10, 1, 4, 0, 1, '1715569594', '1718775212', 53420, 0, 1, 3.00, 1, 0.00, 0, 0.00, 0, 0, 0, '', 0),
(11, 4, 11, 1, 2, 0, 3, '', '', 0, 0, 0, 0.00, 1, 0.00, 0, 0.00, 0, 0, 0, '', 0),
(12, 4, 12, 1, 4, 0, 1, '1715561313', '1716342096', 13007, 0, 1, 4.00, 1, 0.00, 0, 0.00, 0, 0, 0, '', 0),
(13, 3, 16, 1, 4, 0, 2, '1715569594', '1718775212', 53414, 0, 1, 3.00, 1, 0.00, 0, 0.00, 0, 0, 0, '', 0),
(14, 3, 17, 1, 4, 0, 3, '1715569594', '1718775212', 53325, 0, 1, 3.00, 1, 0.00, 0, 0.00, 0, 0, 0, '', 0),
(15, 3, 18, 1, 4, 0, 2, '1715569594', '1718775212', 53414, 0, 1, 3.00, 1, 0.00, 0, 0.00, 0, 0, 0, '', 0),
(16, 5, 19, 1, 4, 0, 1, '1715558570', '1716338517', 12993, 0, 1, 5.00, 1, 0.00, 0, 0.00, 0, 0, 0, '', 0),
(17, 5, 20, 1, 4, 0, 2, '1715558570', '1716328919', 12827, 0, 1, 0.00, 1, 0.00, 0, 0.00, 0, 0, 0, '', 0),
(18, 2, 21, 1, 4, 0, 2, '1715729868', '1718775262', 50744, 0, 1, 2.00, 1, 0.00, 0, 0.00, 0, 0, 0, '', 0),
(19, 6, 22, 1, 4, 0, 2, '1715575537', '1718770122', 53231, 0, 1, 6.00, 1, 0.00, 0, 0.00, 0, 0, 0, '', 0),
(20, 6, 23, 1, 4, 0, 3, '1715575537', '1718770122', 53142, 0, 1, 6.00, 1, 0.00, 0, 0.00, 0, 0, 0, '', 0),
(21, 7, 24, 1, 4, 0, 2, '1715745499', '1718775280', 50484, 0, 1, 7.00, 1, 0.00, 0, 0.00, 0, 0, 0, '', 0),
(22, 7, 25, 1, 4, 0, 1, '1715745499', '1718775280', 50490, 0, 1, 7.00, 1, 0.00, 0, 0.00, 0, 0, 0, '', 0),
(23, 8, 26, 1, 4, 0, 1, '1715807982', '1718775496', 49452, 0, 1, 8.00, 1, 0.00, 0, 0.00, 0, 0, 0, '', 0),
(24, 8, 27, 1, 4, 0, 1, '1715807982', '1718775496', 49452, 0, 1, 8.00, 1, 0.00, 0, 0.00, 0, 0, 0, '', 0),
(25, 8, 28, 1, 4, 0, 1, '1715807982', '1718775496', 49452, 0, 1, 8.00, 1, 0.00, 0, 0.00, 0, 0, 0, '', 0),
(26, 8, 29, 1, 4, 0, 1, '1715807982', '1718775496', 49452, 0, 1, 8.00, 1, 0.00, 0, 0.00, 0, 0, 0, '', 0),
(27, 9, 30, 1, 4, 0, 2, '1716260400', '1718770088', 41816, 0, 1, 9.00, 1, 0.00, 0, 0.00, 0, 0, 0, '', 0),
(28, 14, 31, 1, 4, 0, 1, '1716354350', '1716417897', 1053, 0, 1, 14.00, 1, 0.00, 0, 0.00, 0, 0, 0, '', 0),
(29, 14, 32, 1, 4, 0, 1, '1716354350', '1716417897', 1053, 0, 1, 14.00, 1, 0.00, 0, 0.00, 0, 0, 0, '', 0),
(30, 17, 33, 1, 4, 0, 3, '1718926095', '1718942178', 167, 0, 1, 17.00, 1, 0.00, 0, 0.00, 0, 0, 0, '', 0),
(31, 19, 34, 1, 4, 0, 2, '1716417870', '1716418040', 0, 0, 0, 19.00, 1, 0.00, 0, 0.00, 0, 0, 0, '', 0),
(32, 19, 35, 1, 4, 0, 1, '1716417870', '1716418040', 0, 0, 0, 19.00, 1, 0.00, 0, 0.00, 0, 0, 0, '', 0),
(33, 22, 36, 4, 1, 0, 1, '', '', 0, 0, 0, 0.00, 1, 0.00, 0, 0.00, 0, 0, 0, '', 0),
(34, 22, 37, 1, 1, 0, 2, '', '', 0, 0, 0, 0.00, 1, 0.00, 0, 0.00, 0, 0, 0, '', 0),
(35, 22, 38, 3, 1, 0, 3, '', '', 0, 0, 0, 0.00, 1, 0.00, 0, 0.00, 0, 0, 0, '', 0),
(36, 22, 39, 4, 1, 0, 1, '', '', 0, 0, 0, 0.00, 1, 0.00, 0, 0.00, 0, 0, 0, '', 0),
(37, 25, 40, 1, 0, 0, 1, '', '', 0, 0, 0, 0.00, 0, 0.00, 0, 0.00, 0, 0, 0, '', 0),
(38, 25, 41, 1, 4, 0, 1, '1718801379', '1718912962', 1853, 0, 1, 25.00, 1, 0.00, 0, 0.00, 0, 0, 0, '', 0),
(39, 25, 42, 1, 0, 0, 3, '', '', 0, 0, 0, 0.00, 0, 0.00, 0, 0.00, 0, 0, 0, '', 0),
(40, 25, 43, 1, 4, 0, 3, '1718801379', '1718912981', 1759, 0, 1, 25.00, 1, 0.00, 0, 0.00, 0, 0, 0, '', 0),
(41, 26, 44, 1, 4, 0, 3, '1718923688', '1718923791', 0, 0, 0, 26.00, 1, 0.00, 0, 0.00, 0, 0, 0, '', 1),
(42, 26, 45, 1, 4, 0, 3, '1718923688', '1718923823', 0, 0, 0, 26.00, 1, 0.00, 0, 0.00, 0, 0, 0, '', 1),
(43, 26, 46, 1, 4, 0, 3, '1718923688', '1718923740', 0, 0, 0, 26.00, 1, 0.00, 0, 0.00, 0, 0, 0, '', 1),
(44, 26, 47, 1, 4, 0, 3, '1718923688', '1718923740', 0, 0, 0, 26.00, 1, 0.00, 0, 0.00, 0, 0, 0, '', 1),
(45, 26, 48, 1, 4, 0, 3, '1718923688', '1718923740', 0, 0, 0, 26.00, 1, 0.00, 0, 0.00, 0, 0, 0, '', 1),
(46, 26, 49, 1, 4, 0, 3, '1718923688', '1718923823', 0, 0, 0, 26.00, 1, 0.00, 0, 0.00, 0, 0, 0, '', 1),
(47, 26, 50, 1, 4, 0, 3, '1718923688', '1718925091', 0, 0, 0, 26.00, 1, 0.00, 0, 0.00, 0, 0, 0, '', 1),
(48, 26, 51, 1, 4, 0, 3, '1718923688', '1718924986', 0, 0, 0, 26.00, 1, 0.00, 0, 0.00, 0, 0, 0, '', 1),
(49, 26, 52, 1, 4, 0, 3, '1718923688', '1718923861', 0, 0, 0, 26.00, 1, 0.00, 0, 0.00, 0, 0, 0, '', 1),
(50, 26, 53, 1, 4, 0, 3, '1718923688', '1718923791', 0, 0, 0, 26.00, 1, 0.00, 0, 0.00, 0, 0, 0, '', 1),
(51, 26, 54, 1, 4, 0, 3, '1718923688', '1718923740', 0, 0, 0, 26.00, 1, 0.00, 0, 0.00, 0, 0, 0, '', 1),
(52, 26, 55, 1, 4, 0, 3, '1718923688', '1718923740', 0, 0, 0, 26.00, 1, 0.00, 0, 0.00, 0, 0, 0, '', 1),
(53, 26, 56, 1, 4, 0, 3, '1718923688', '1718923791', 0, 0, 0, 26.00, 1, 0.00, 0, 0.00, 0, 0, 0, '', 1),
(54, 26, 57, 1, 4, 0, 3, '1718923688', '1718923791', 0, 0, 0, 26.00, 1, 0.00, 0, 0.00, 0, 0, 0, '', 1),
(55, 26, 58, 1, 4, 0, 3, '1718923688', '1718923861', 0, 0, 0, 26.00, 1, 0.00, 0, 0.00, 0, 0, 0, '', 1),
(56, 26, 59, 1, 4, 0, 3, '1718923688', '1718923823', 0, 0, 0, 26.00, 1, 0.00, 0, 0.00, 0, 0, 0, '', 1),
(57, 26, 60, 1, 4, 0, 3, '1718923688', '1718923791', 0, 0, 0, 26.00, 1, 0.00, 0, 0.00, 0, 0, 0, '', 1),
(58, 26, 61, 1, 4, 0, 3, '1718923688', '1718923740', 0, 0, 0, 26.00, 1, 0.00, 0, 0.00, 0, 0, 0, '', 1),
(59, 26, 62, 1, 0, 0, 2, '', '', 0, 0, 0, 0.00, 0, 0.00, 0, 0.00, 0, 0, 0, '', 0),
(60, 27, 63, 1, 4, 0, 2, '1718800960', '1718801493', 0, 0, 0, 27.00, 1, 0.00, 0, 0.00, 0, 0, 0, '', 1),
(61, 28, 64, 1, 4, 0, 2, '1718925363', '1718934826', 145, 0, 1, 28.00, 1, 0.00, 0, 0.00, 0, 0, 0, '', 1),
(62, 28, 65, 1, 4, 0, 2, '1718925363', '1718927998', 31, 0, 1, 28.00, 1, 0.00, 0, 0.00, 0, 0, 0, '', 1),
(63, 28, 66, 1, 4, 0, 1, '1718925363', '1718927998', 37, 0, 1, 28.00, 1, 0.00, 0, 0.00, 0, 0, 0, '', 1),
(64, 29, 67, 1, 4, 0, 2, '1718925440', '1718926030', 0, 0, 0, 29.00, 1, 0.00, 0, 0.00, 0, 0, 0, '', 1),
(65, 30, 68, 1, 4, 0, 3, '1718925539', '1718935890', 71, 0, 1, 30.00, 1, 0.00, 0, 0.00, 0, 0, 0, '', 1),
(66, 31, 41, 4, 1, 0, 0, '', '', 0, 0, 0, 0.00, 1, 0.00, 0, 0.00, 0, 0, 0, '', 0),
(67, 31, 43, 4, 1, 0, 0, '', '', 0, 0, 0, 0.00, 1, 0.00, 0, 0.00, 0, 0, 0, '', 0),
(68, 31, 44, 4, 1, 0, 0, '', '', 0, 0, 0, 0.00, 1, 0.00, 0, 0.00, 0, 0, 0, '', 0),
(69, 31, 45, 4, 1, 0, 0, '', '', 0, 0, 0, 0.00, 1, 0.00, 0, 0.00, 0, 0, 0, '', 0),
(70, 31, 52, 4, 1, 0, 0, '', '', 0, 0, 0, 0.00, 1, 0.00, 0, 0.00, 0, 0, 0, '', 0),
(71, 32, 41, 4, 1, 0, 0, '', '', 0, 0, 0, 0.00, 1, 0.00, 0, 0.00, 0, 0, 0, '', 0),
(72, 32, 43, 4, 1, 0, 0, '', '', 0, 0, 0, 0.00, 1, 0.00, 0, 0.00, 0, 0, 0, '', 0),
(73, 32, 44, 4, 1, 0, 0, '', '', 0, 0, 0, 0.00, 1, 0.00, 0, 0.00, 0, 0, 0, '', 0),
(74, 32, 45, 4, 1, 0, 0, '', '', 0, 0, 0, 0.00, 1, 0.00, 0, 0.00, 0, 0, 0, '', 0),
(75, 32, 52, 4, 1, 0, 0, '', '', 0, 0, 0, 0.00, 1, 0.00, 0, 0.00, 0, 0, 0, '', 0),
(76, 33, 41, 4, 0, 0, 0, '1718930091', '', 0, 0, 0, 0.00, 1, 0.00, 0, 0.00, 0, 0, 0, '', 1),
(77, 33, 43, 4, 0, 0, 0, '1718930091', '', 0, 0, 0, 0.00, 1, 0.00, 0, 0.00, 0, 0, 0, '', 1),
(78, 33, 44, 1, 4, 0, 1, '1718930091', '1719002508', 1200, 0, 1, 33.00, 1, 0.00, 0, 0.00, 0, 0, 0, '', 1),
(79, 33, 45, 4, 0, 0, 0, '1718930091', '', 0, 0, 0, 0.00, 1, 0.00, 0, 0.00, 0, 0, 0, '', 1),
(80, 33, 52, 4, 0, 0, 0, '1718930091', '', 0, 0, 0, 0.00, 1, 0.00, 0, 0.00, 0, 0, 0, '', 1),
(81, 33, 69, 2, 0, 0, 0, '1718930091', '', 0, 0, 0, 0.00, 1, 0.00, 0, 0.00, 0, 0, 0, '', 1),
(82, 20, 70, 1, 4, 0, 2, '1718931667', '1719366029', 7227, 0, 1, 20.00, 1, 0.00, 0, 0.00, 0, 0, 0, '', 1),
(83, 34, 70, 1, 4, 0, 2, '1718801457', '1718912995', 1846, 0, 1, 34.00, 1, 0.00, 0, 0.00, 0, 0, 0, '', 1),
(84, 35, 41, 4, 4, 0, 3, '1718930697', '1719363301', 7109, 0, 1, 35.00, 1, 0.00, 0, 0.00, 0, 0, 0, '', 1),
(85, 35, 43, 4, 4, 0, 2, '1718930697', '1719364840', 7223, 0, 1, 35.00, 1, 0.00, 0, 0.00, 0, 0, 0, '', 1),
(86, 35, 44, 4, 4, 0, 3, '1718930697', '1719363301', 7109, 0, 1, 35.00, 1, 0.00, 0, 0.00, 0, 0, 0, '', 1),
(87, 35, 45, 4, 4, 0, 3, '1718930697', '1719363301', 7109, 0, 1, 35.00, 1, 0.00, 0, 0.00, 0, 0, 0, '', 1),
(88, 35, 52, 4, 4, 0, 1, '1718930697', '1719364840', 7229, 0, 1, 35.00, 1, 0.00, 0, 0.00, 0, 0, 0, '', 1),
(89, 36, 41, 4, 4, 0, 3, '1718930830', '1719365033', 7135, 0, 1, 36.00, 1, 0.00, 0, 0.00, 0, 0, 0, '', 1),
(90, 36, 43, 4, 4, 0, 3, '1718930830', '1719365033', 7135, 0, 1, 36.00, 1, 0.00, 0, 0.00, 0, 0, 0, '', 1),
(91, 36, 44, 4, 4, 0, 4, '1718930830', '1719364893', 7162, 0, 1, 36.00, 1, 0.00, 0, 0.00, 0, 0, 0, '', 1),
(92, 36, 45, 4, 4, 0, 2, '1718930830', '1719364893', 7222, 0, 1, 36.00, 1, 0.00, 0, 0.00, 0, 0, 0, '', 1),
(93, 36, 52, 4, 4, 0, 1, '1718930830', '1719364893', 7228, 0, 1, 36.00, 1, 0.00, 0, 0.00, 0, 0, 0, '', 1),
(94, 37, 41, 4, 0, 0, 0, '', '', 0, 0, 0, 0.00, 0, 0.00, 0, 0.00, 0, 0, 0, '', 0),
(95, 37, 43, 4, 0, 0, 0, '', '', 0, 0, 0, 0.00, 0, 0.00, 0, 0.00, 0, 0, 0, '', 0),
(96, 37, 44, 4, 4, 0, 2, '1718930981', '1719365994', 7238, 0, 1, 37.00, 1, 0.00, 0, 0.00, 0, 0, 0, '', 1),
(97, 37, 45, 4, 0, 0, 0, '', '', 0, 0, 0, 0.00, 0, 0.00, 0, 0.00, 0, 0, 0, '', 0),
(98, 37, 52, 4, 0, 0, 0, '', '', 0, 0, 0, 0.00, 0, 0.00, 0, 0.00, 0, 0, 0, '', 0),
(99, 38, 41, 4, 1, 0, 0, '', '', 0, 0, 0, 0.00, 1, 0.00, 0, 0.00, 0, 0, 0, '', 1),
(100, 38, 43, 4, 0, 0, 0, '', '', 0, 0, 0, 0.00, 0, 0.00, 0, 0.00, 0, 0, 0, '', 0),
(101, 38, 44, 4, 0, 0, 0, '', '', 0, 0, 0, 0.00, 0, 0.00, 0, 0.00, 0, 0, 0, '', 0),
(102, 38, 45, 4, 0, 0, 0, '', '', 0, 0, 0, 0.00, 0, 0.00, 0, 0.00, 0, 0, 0, '', 0),
(103, 38, 52, 4, 0, 0, 0, '', '', 0, 0, 0, 0.00, 0, 0.00, 0, 0.00, 0, 0, 0, '', 0),
(104, 39, 41, 4, 0, 0, 0, '', '', 0, 0, 0, 0.00, 0, 0.00, 0, 0.00, 0, 0, 0, '', 0),
(105, 39, 43, 4, 0, 0, 0, '', '', 0, 0, 0, 0.00, 0, 0.00, 0, 0.00, 0, 0, 0, '', 0),
(106, 39, 44, 4, 1, 0, 0, '', '', 0, 0, 0, 0.00, 1, 0.00, 0, 0.00, 0, 0, 0, '', 1),
(107, 39, 45, 4, 1, 0, 0, '', '', 0, 0, 0, 0.00, 1, 0.00, 0, 0.00, 0, 0, 0, '', 1),
(108, 39, 52, 4, 0, 0, 0, '', '', 0, 0, 0, 0.00, 0, 0.00, 0, 0.00, 0, 0, 0, '', 0),
(109, 40, 41, 4, 1, 0, 0, '', '', 0, 0, 0, 0.00, 1, 0.00, 0, 0.00, 0, 0, 0, '', 1),
(110, 40, 43, 4, 0, 0, 0, '', '', 0, 0, 0, 0.00, 0, 0.00, 0, 0.00, 0, 0, 0, '', 0),
(111, 40, 44, 4, 1, 0, 0, '', '', 0, 0, 0, 0.00, 1, 0.00, 0, 0.00, 0, 0, 0, '', 1),
(112, 40, 45, 4, 0, 0, 0, '', '', 0, 0, 0, 0.00, 0, 0.00, 0, 0.00, 0, 0, 0, '', 0),
(113, 40, 52, 4, 0, 0, 0, '', '', 0, 0, 0, 0.00, 0, 0.00, 0, 0.00, 0, 0, 0, '', 0),
(114, 41, 41, 4, 1, 0, 0, '', '', 0, 0, 0, 0.00, 1, 0.00, 0, 0.00, 0, 0, 0, '', 1),
(115, 41, 43, 4, 1, 0, 0, '', '', 0, 0, 0, 0.00, 1, 0.00, 0, 0.00, 0, 0, 0, '', 1),
(116, 41, 44, 4, 1, 0, 0, '', '', 0, 0, 0, 0.00, 1, 0.00, 0, 0.00, 0, 0, 0, '', 1),
(117, 41, 45, 4, 1, 0, 0, '', '', 0, 0, 0, 0.00, 1, 0.00, 0, 0.00, 0, 0, 0, '', 1),
(118, 41, 52, 4, 1, 0, 0, '', '', 0, 0, 0, 0.00, 1, 0.00, 0, 0.00, 0, 0, 0, '', 1),
(119, 42, 41, 4, 0, 0, 0, '', '', 0, 0, 0, 0.00, 0, 0.00, 0, 0.00, 0, 0, 0, '', 0),
(120, 42, 43, 4, 0, 0, 0, '', '', 0, 0, 0, 0.00, 0, 0.00, 0, 0.00, 0, 0, 0, '', 0),
(121, 42, 44, 4, 0, 0, 0, '', '', 0, 0, 0, 0.00, 0, 0.00, 0, 0.00, 0, 0, 0, '', 0),
(122, 42, 45, 4, 4, 0, 1, '1718931760', '1719367109', 7249, 0, 1, 0.00, 1, 0.00, 0, 0.00, 0, 0, 0, '', 1),
(123, 42, 52, 4, 4, 0, 2, '1718931760', '1719366075', 7226, 0, 1, 42.00, 1, 0.00, 0, 0.00, 0, 0, 0, '', 1),
(124, 43, 41, 4, 0, 0, 0, '', '', 0, 0, 0, 0.00, 0, 0.00, 0, 0.00, 0, 0, 0, '', 0),
(125, 43, 43, 4, 0, 0, 0, '', '', 0, 0, 0, 0.00, 0, 0.00, 0, 0.00, 0, 0, 0, '', 0),
(126, 43, 44, 4, 1, 0, 0, '', '', 0, 0, 0, 0.00, 1, 0.00, 0, 0.00, 0, 0, 0, '', 1),
(127, 43, 45, 4, 0, 0, 0, '', '', 0, 0, 0, 0.00, 0, 0.00, 0, 0.00, 0, 0, 0, '', 0),
(128, 43, 52, 4, 0, 0, 0, '', '', 0, 0, 0, 0.00, 0, 0.00, 0, 0.00, 0, 0, 0, '', 0),
(129, 44, 41, 4, 0, 0, 0, '', '', 0, 0, 0, 0.00, 0, 0.00, 0, 0.00, 0, 0, 0, '', 0),
(130, 44, 43, 4, 1, 0, 0, '', '', 0, 0, 0, 0.00, 1, 0.00, 0, 0.00, 0, 0, 0, '', 1),
(131, 44, 44, 4, 1, 0, 0, '', '', 0, 0, 0, 0.00, 1, 0.00, 0, 0.00, 0, 0, 0, '', 1),
(132, 44, 45, 4, 0, 0, 0, '', '', 0, 0, 0, 0.00, 0, 0.00, 0, 0.00, 0, 0, 0, '', 0),
(133, 44, 52, 4, 0, 0, 0, '', '', 0, 0, 0, 0.00, 0, 0.00, 0, 0.00, 0, 0, 0, '', 0),
(134, 45, 37, 4, 1, 0, 0, '', '', 0, 0, 0, 0.00, 1, 0.00, 0, 0.00, 0, 0, 0, '', 0),
(135, 45, 41, 4, 1, 0, 0, '', '', 0, 0, 0, 0.00, 1, 0.00, 0, 0.00, 0, 0, 0, '', 0),
(136, 45, 43, 4, 1, 0, 0, '', '', 0, 0, 0, 0.00, 1, 0.00, 0, 0.00, 0, 0, 0, '', 0),
(137, 45, 44, 4, 1, 0, 0, '', '', 0, 0, 0, 0.00, 1, 0.00, 0, 0.00, 0, 0, 0, '', 0),
(138, 45, 45, 4, 1, 0, 0, '', '', 0, 0, 0, 0.00, 1, 0.00, 0, 0.00, 0, 0, 0, '', 0),
(139, 45, 52, 4, 1, 0, 0, '', '', 0, 0, 0, 0.00, 1, 0.00, 0, 0.00, 0, 0, 0, '', 0),
(140, 46, 37, 4, 4, 0, 1, '1718930482', '1719003716', 1214, 0, 1, 46.00, 1, 0.00, 0, 0.00, 0, 0, 0, '', 1),
(141, 46, 41, 4, 4, 0, 2, '1718930482', '1719003716', 1208, 0, 1, 46.00, 1, 0.00, 0, 0.00, 0, 0, 0, '', 1),
(142, 46, 43, 4, 4, 0, 1, '1718930482', '1719003716', 1214, 0, 1, 46.00, 1, 0.00, 0, 0.00, 0, 0, 0, '', 1),
(143, 46, 44, 4, 4, 0, 2, '1718930482', '1719003716', 1208, 0, 1, 46.00, 1, 0.00, 0, 0.00, 0, 0, 0, '', 1),
(144, 46, 45, 4, 4, 0, 1, '1718930482', '1719003716', 1214, 0, 1, 46.00, 1, 0.00, 0, 0.00, 0, 0, 0, '', 1),
(145, 46, 52, 4, 4, 0, 1, '1718930482', '1719003716', 1214, 0, 1, 46.00, 1, 0.00, 0, 0.00, 0, 0, 0, '', 1),
(146, 46, 71, 1, 4, 0, 1, '1718930482', '1719003716', 1214, 0, 1, 46.00, 1, 0.00, 0, 0.00, 0, 0, 0, '', 1),
(147, 47, 37, 4, 4, 0, 4, '1718932101', '1719368079', 7194, 0, 1, 10088.00, 1, 0.00, 0, 0.00, 0, 0, 0, '', 1),
(148, 47, 41, 4, 4, 0, 2, '1718932101', '1719403618', 7846, 0, 1, 7849.00, 1, 0.00, 0, 0.00, 0, 0, 0, '', 1),
(149, 47, 43, 4, 4, 0, 2, '1718932101', '1719403618', 7846, 0, 1, 7849.00, 1, 0.00, 0, 0.00, 0, 0, 0, '', 1),
(150, 47, 44, 4, 4, 0, 2, '1718932101', '1719403618', 7846, 0, 1, 7849.00, 1, 0.00, 0, 0.00, 0, 0, 0, '', 1),
(151, 47, 45, 4, 4, 0, 4, '1718932101', '1719367639', 7186, 0, 1, 0.00, 1, 0.00, 0, 0.00, 0, 0, 0, '', 1),
(152, 47, 52, 4, 4, 0, 2, '1718932101', '1719403618', 7846, 0, 1, 7849.00, 1, 0.00, 0, 0.00, 0, 0, 0, '', 1),
(153, 48, 37, 4, 4, 0, 3, '1718932201', '1718933017', 0, 0, 0, 48.00, 1, 0.00, 0, 0.00, 0, 0, 0, '', 1),
(154, 48, 41, 4, 4, 0, 1, '1718932201', '1718933017', 7, 0, 1, 48.00, 1, 0.00, 0, 0.00, 0, 0, 0, '', 1),
(155, 48, 43, 4, 0, 0, 0, '', '', 0, 0, 0, 0.00, 0, 0.00, 0, 0.00, 0, 0, 0, '', 0),
(156, 48, 44, 4, 4, 0, 2, '1718932201', '1718933017', 1, 0, 1, 48.00, 1, 0.00, 0, 0.00, 0, 0, 0, '', 1),
(157, 48, 45, 4, 0, 0, 0, '', '', 0, 0, 0, 0.00, 0, 0.00, 0, 0.00, 0, 0, 0, '', 0),
(158, 48, 52, 4, 0, 0, 0, '', '', 0, 0, 0, 0.00, 0, 0.00, 0, 0.00, 0, 0, 0, '', 0),
(159, 49, 37, 4, 0, 0, 0, '', '', 0, 0, 0, 0.00, 0, 0.00, 0, 0.00, 0, 0, 0, '', 0),
(160, 49, 41, 4, 0, 0, 0, '', '', 0, 0, 0, 0.00, 0, 0.00, 0, 0.00, 0, 0, 0, '', 0),
(161, 49, 43, 4, 0, 0, 0, '', '', 0, 0, 0, 0.00, 0, 0.00, 0, 0.00, 0, 0, 0, '', 0),
(162, 49, 44, 4, 0, 0, 0, '', '', 0, 0, 0, 0.00, 0, 0.00, 0, 0.00, 0, 0, 0, '', 0),
(163, 49, 45, 4, 0, 0, 0, '', '', 0, 0, 0, 0.00, 0, 0.00, 0, 0.00, 0, 0, 0, '', 0),
(164, 49, 52, 4, 4, 0, 3, '1718932807', '1719403996', 7752, 0, 1, 10092.00, 1, 0.00, 0, 0.00, 0, 0, 0, '', 1),
(165, 50, 37, 4, 4, 0, 3, '1718932937', '1718933066', 0, 0, 0, 50.00, 1, 0.00, 0, 0.00, 0, 0, 0, '', 1),
(166, 50, 41, 4, 0, 0, 0, '', '', 0, 0, 0, 0.00, 0, 0.00, 0, 0.00, 0, 0, 0, '', 0),
(167, 50, 43, 4, 0, 0, 0, '', '', 0, 0, 0, 0.00, 0, 0.00, 0, 0.00, 0, 0, 0, '', 0),
(168, 50, 44, 4, 0, 0, 0, '', '', 0, 0, 0, 0.00, 0, 0.00, 0, 0.00, 0, 0, 0, '', 0),
(169, 50, 45, 4, 4, 0, 1, '1718932937', '1718933066', 0, 0, 0, 50.00, 1, 0.00, 0, 0.00, 0, 0, 0, '', 1),
(170, 50, 52, 4, 4, 0, 2, '1718932937', '1718933066', 0, 0, 0, 50.00, 1, 0.00, 0, 0.00, 0, 0, 0, '', 1),
(171, 51, 37, 4, 4, 0, 3, '1718935498', '1719002580', 1017, 0, 1, 51.00, 1, 0.00, 0, 0.00, 0, 0, 0, '', 1),
(172, 51, 41, 4, 4, 0, 3, '1718935498', '1719002580', 1017, 0, 1, 51.00, 1, 0.00, 0, 0.00, 0, 0, 0, '', 1),
(173, 51, 43, 4, 4, 0, 3, '1718935498', '1719002580', 1017, 0, 1, 51.00, 1, 0.00, 0, 0.00, 0, 0, 0, '', 1),
(174, 51, 44, 4, 4, 0, 2, '1718935498', '1719002580', 1106, 0, 1, 51.00, 1, 0.00, 0, 0.00, 0, 0, 0, '', 1),
(175, 51, 45, 4, 4, 0, 2, '1718935498', '1719002580', 1106, 0, 1, 51.00, 1, 0.00, 0, 0.00, 0, 0, 0, '', 1),
(176, 51, 52, 4, 4, 0, 3, '1718935498', '1719002580', 1017, 0, 1, 51.00, 1, 0.00, 0, 0.00, 0, 0, 0, '', 1),
(177, 52, 37, 4, 4, 0, 3, '1718940976', '1719002933', 931, 0, 1, 52.00, 1, 0.00, 0, 0.00, 0, 0, 0, '', 1),
(178, 52, 41, 4, 4, 0, 2, '1718940976', '1719002933', 1020, 0, 1, 52.00, 1, 0.00, 0, 0.00, 0, 0, 0, '', 1),
(179, 52, 43, 4, 4, 0, 2, '1718940976', '1719002933', 1020, 0, 1, 52.00, 1, 0.00, 0, 0.00, 0, 0, 0, '', 1),
(180, 52, 44, 4, 4, 0, 2, '1718940976', '1719002933', 1020, 0, 1, 52.00, 1, 0.00, 0, 0.00, 0, 0, 0, '', 1),
(181, 52, 45, 4, 4, 0, 4, '1718940976', '1719002933', 960, 0, 1, 52.00, 1, 0.00, 0, 0.00, 0, 0, 0, '', 1),
(182, 52, 52, 4, 4, 0, 2, '1718940976', '1719002933', 1020, 0, 1, 52.00, 1, 0.00, 0, 0.00, 0, 0, 0, '', 1),
(183, 53, 37, 4, 1, 0, 0, '', '', 0, 0, 0, 0.00, 1, 0.00, 0, 0.00, 0, 0, 0, '', 0),
(184, 53, 41, 4, 1, 0, 0, '', '', 0, 0, 0, 0.00, 1, 0.00, 0, 0.00, 0, 0, 0, '', 0),
(185, 53, 43, 4, 1, 0, 0, '', '', 0, 0, 0, 0.00, 1, 0.00, 0, 0.00, 0, 0, 0, '', 0),
(186, 53, 44, 4, 1, 0, 0, '', '', 0, 0, 0, 0.00, 1, 0.00, 0, 0.00, 0, 0, 0, '', 0),
(187, 53, 45, 4, 1, 0, 0, '', '', 0, 0, 0, 0.00, 1, 0.00, 0, 0.00, 0, 0, 0, '', 0),
(188, 53, 52, 4, 1, 0, 0, '', '', 0, 0, 0, 0.00, 1, 0.00, 0, 0.00, 0, 0, 0, '', 0),
(189, 54, 37, 4, 4, 0, 2, '1718941548', '1719403695', 7690, 0, 1, 7692.00, 1, 0.00, 0, 0.00, 0, 0, 0, '', 1),
(190, 54, 43, 4, 4, 0, 2, '1718941548', '1719403695', 7690, 0, 1, 7692.00, 1, 0.00, 0, 0.00, 0, 0, 0, '', 1),
(191, 54, 44, 4, 4, 0, 2, '1718941548', '1719403695', 7690, 0, 1, 7692.00, 1, 0.00, 0, 0.00, 0, 0, 0, '', 1),
(192, 55, 37, 4, 4, 0, 3, '1718941625', '1719404622', 7615, 0, 1, 7707.00, 1, 0.00, 0, 0.00, 0, 0, 0, '', 1),
(193, 55, 43, 4, 4, 0, 2, '1718941625', '1719404622', 7704, 0, 1, 9915.00, 1, 0.00, 0, 0.00, 0, 0, 0, '', 1),
(194, 55, 44, 4, 4, 0, 2, '1718941625', '1719404622', 7704, 0, 1, 7707.00, 1, 0.00, 0, 0.00, 0, 0, 0, '', 1),
(195, 56, 37, 4, 4, 0, 3, '1718941766', '1719404719', 7614, 0, 1, 7706.00, 1, 0.00, 0, 0.00, 0, 0, 0, '', 1),
(196, 56, 43, 4, 4, 0, 2, '1718941766', '1719404719', 7703, 0, 1, 9913.80, 1, 0.00, 0, 0.00, 0, 0, 0, '', 1),
(197, 56, 44, 4, 4, 0, 2, '1718941766', '1719404719', 7703, 0, 1, 7706.00, 1, 0.00, 0, 0.00, 0, 0, 0, '', 1),
(198, 57, 37, 4, 4, 0, 3, '1718941966', '1719002852', 913, 0, 1, 57.00, 1, 0.00, 0, 0.00, 0, 0, 0, '', 1),
(199, 57, 43, 4, 4, 0, 2, '1718941966', '1719002852', 1002, 0, 1, 57.00, 1, 0.00, 0, 0.00, 0, 0, 0, '', 1),
(200, 57, 44, 4, 4, 0, 2, '1718941966', '1719002852', 1002, 0, 1, 57.00, 1, 0.00, 0, 0.00, 0, 0, 0, '', 1),
(201, 58, 37, 4, 4, 0, 2, '1718942149', '1719002695', 997, 0, 1, 58.00, 1, 0.00, 0, 0.00, 0, 0, 0, '', 1),
(202, 58, 43, 4, 4, 0, 2, '1718942149', '1719002695', 997, 0, 1, 58.00, 1, 0.00, 0, 0.00, 0, 0, 0, '', 1),
(203, 58, 44, 4, 4, 0, 2, '1718942149', '1719002695', 997, 0, 1, 58.00, 1, 0.00, 0, 0.00, 0, 0, 0, '', 1),
(204, 59, 37, 4, 4, 0, 3, '1718942359', '1719002812', 906, 0, 1, 59.00, 1, 0.00, 0, 0.00, 0, 0, 0, '', 1),
(205, 59, 43, 4, 4, 0, 2, '1718942359', '1719002812', 995, 0, 1, 59.00, 1, 0.00, 0, 0.00, 0, 0, 0, '', 1),
(206, 59, 44, 4, 4, 0, 1, '1718942359', '1719002812', 1001, 0, 1, 59.00, 1, 0.00, 0, 0.00, 0, 0, 0, '', 1),
(207, 60, 37, 4, 4, 0, 3, '1719354311', '1719408628', 804, 0, 1, 1059.50, 1, 0.00, 0, 0.00, 0, 0, 0, '', 1),
(208, 60, 43, 4, 4, 0, 2, '1719354311', '1719410124', 918, 0, 1, 920.00, 1, 0.00, 0, 0.00, 0, 0, 0, '', 1),
(209, 60, 44, 4, 4, 0, 2, '1719354311', '1719409348', 905, 0, 1, 907.00, 1, 0.00, 0, 0.00, 0, 0, 0, '', 1),
(210, 61, 37, 4, 4, 0, 4, '1719411538', '1719426246', 173, 0, 1, 259.00, 1, 0.00, 0, 0.00, 0, 0, 0, '', 1),
(211, 61, 43, 4, 0, 0, 0, '', '', 0, 0, 0, 0.00, 0, 0.00, 0, 0.00, 0, 0, 0, '', 0),
(212, 61, 44, 4, 0, 0, 0, '', '', 0, 0, 0, 0.00, 0, 0.00, 0, 0.00, 0, 0, 0, '', 0),
(213, 62, 37, 4, 4, 0, 2, '1719411569', '1719426268', 232, 0, 1, 235.00, 1, 0.00, 0, 0.00, 0, 0, 0, '', 1),
(214, 62, 43, 4, 4, 0, 3, '1719411569', '1719411661', 0, 0, 0, 0.00, 1, 0.00, 0, 0.00, 0, 0, 0, '', 1),
(215, 62, 44, 4, 4, 0, 3, '1719411569', '1719426268', 143, 0, 1, 201.50, 1, 0.00, 0, 0.00, 0, 0, 0, '', 1),
(216, 63, 37, 4, 4, 0, 1, '1719426152', '1719426835', 5, 0, 1, 6.00, 1, 2.80, 5, 1.00, 0, 0, 2, '', 1),
(217, 63, 43, 4, 4, 0, 3, '1719426152', '1719426466', 0, 0, 0, 0.00, 1, 4.70, 90, 1.30, 0, 0, 12, '', 1),
(218, 63, 44, 4, 4, 0, 1, '1719426152', '1719426622', 1, 0, 1, 3.00, 1, 2.80, 5, 1.00, 0, 0, 2, '', 1),
(219, 64, 37, 4, 4, 0, 4, '1719427953', '1720464510', 17203, 0, 1, 17266.00, 1, 5.60, 60, 1.40, 0, 0, 13, '', 1),
(220, 64, 43, 4, 4, 0, 1, '1719427953', '1720464510', 17269, 0, 1, 24102.40, 1, 2.80, 5, 1.00, 0, 0, 2, '', 1),
(221, 64, 44, 4, 4, 0, 2, '1719427953', '1720464510', 17263, 0, 1, 17271.00, 1, 3.70, 10, 1.00, 0, 0, 3, '', 1),
(222, 66, 37, 1, 4, 0, 1, '1720735853', '1720742555', 105, 0, 1, 107.00, 1, 0.00, 0, 0.00, 0, 0, 0, '', 0),
(223, 66, 43, 4, 4, 0, 1, '1720735853', '1720742555', 105, 0, 1, 107.00, 1, 2.80, 5, 1.00, 0, 0, 2, '', 0),
(224, 66, 44, 4, 4, 0, 2, '1720735853', '1720740240', 61, 0, 1, 63.00, 1, 3.70, 10, 1.00, 0, 0, 3, '', 0),
(225, 67, 72, 1, 4, 0, 1, '1720067481', '1720464876', 6617, 0, 1, 6618.00, 1, 2.80, 5, 1.00, 0, 0, 2, '', 0),
(226, 67, 75, 3, 4, 0, 1, '1720067481', '1720464876', 6617, 0, 1, 6618.00, 1, 2.80, 5, 1.00, 0, 0, 2, '', 0),
(227, 67, 76, 1, 4, 0, 4, '1720067481', '1720740174', 11139, 0, 1, 11202.00, 1, 2.80, 5, 1.00, 0, 0, 2, '', 0),
(228, 67, 77, 2, 2, 0, 2, '', '', 0, 0, 0, 0.00, 1, 0.00, 0, 0.00, 0, 0, 0, '', 0),
(229, 67, 78, 2, 4, 0, 1, '1720067481', '1720464876', 6617, 0, 1, 6618.00, 1, 2.80, 5, 1.00, 0, 0, 2, '', 0),
(230, 67, 79, 1, 4, 0, 2, '1720067481', '1720740174', 11199, 0, 1, 15612.80, 1, 0.00, 0, 0.00, 0, 0, 0, '', 0),
(231, 67, 80, 2, 4, 0, 2, '1720067481', '1720464876', 6611, 0, 1, 6613.00, 1, 0.00, 0, 0.00, 0, 0, 0, '', 0),
(232, 68, 37, 4, 4, 0, 3, '1720740490', '1721083081', 5608, 0, 1, 7306.00, 1, 4.70, 90, 1.30, 0, 0, 12, '', 0),
(233, 68, 43, 4, 4, 0, 4, '1720740490', '1721083081', 5637, 0, 1, 7910.00, 1, 5.60, 60, 1.40, 0, 0, 13, '', 0),
(234, 68, 44, 4, 4, 0, 4, '1720740490', '1720742764', 0, 0, 0, 0.00, 1, 5.60, 60, 1.40, 0, 0, 13, '', 0),
(235, 69, 81, 1, 4, 0, 1, '1720740599', '1722310782', 26163, 0, 1, 26165.00, 1, 0.00, 0, 0.00, 0, 0, 0, '', 0),
(236, 70, 82, 5, 4, 0, 5, '1720740803', '1720741956', 6, 0, 1, 15.00, 1, 35.00, 60, 1.00, 0, 0, 10, '', 0),
(237, 71, 83, 5, 3, 0, 5, '1720740889', '', 0, 0, 0, 0.00, 1, 0.00, 0, 0.00, 0, 0, 0, '', 0),
(238, 72, 37, 4, 4, 0, 2, '1720742671', '1721431400', 11466, 0, 1, 11469.00, 1, 3.70, 10, 1.00, 0, 0, 3, '', 0),
(239, 72, 43, 4, 2, 0, 0, '', '', 0, 0, 0, 0.00, 1, 0.00, 0, 0.00, 0, 0, 0, '', 0),
(240, 72, 44, 4, 4, 0, 1, '1720742671', '1722547240', 30070, 0, 1, 30071.00, 1, 2.80, 5, 1.00, 0, 0, 2, '', 0),
(241, 73, 37, 4, 1, 0, 0, '', '', 0, 0, 0, 0.00, 1, 0.00, 0, 0.00, 0, 0, 0, '', 0),
(242, 73, 43, 4, 1, 0, 0, '', '', 0, 0, 0, 0.00, 1, 0.00, 0, 0.00, 0, 0, 0, '', 0),
(243, 73, 44, 4, 1, 0, 0, '', '', 0, 0, 0, 0.00, 1, 0.00, 0, 0.00, 0, 0, 0, '', 0),
(244, 74, 84, 2, 4, 0, 3, '1721868724', '1722309216', 7240, 0, 1, 9427.60, 1, 4.70, 90, 1.30, 0, 0, 12, 'Outros', 1),
(245, 75, 37, 4, 1, 0, 0, '', '', 0, 0, 0, 0.00, 1, 0.00, 0, 0.00, 0, 0, 0, '', 0),
(246, 75, 43, 4, 1, 0, 0, '', '', 0, 0, 0, 0.00, 1, 0.00, 0, 0.00, 0, 0, 0, '', 0),
(247, 75, 44, 4, 1, 0, 0, '', '', 0, 0, 0, 0.00, 1, 0.00, 0, 0.00, 0, 0, 0, '', 0),
(248, 76, 37, 4, 1, 0, 0, '', '', 0, 0, 0, 0.00, 1, 0.00, 0, 0.00, 0, 0, 0, '', 0),
(249, 76, 43, 4, 1, 0, 0, '', '', 0, 0, 0, 0.00, 1, 0.00, 0, 0.00, 0, 0, 0, '', 0),
(250, 76, 44, 4, 1, 0, 0, '', '', 0, 0, 0, 0.00, 1, 0.00, 0, 0.00, 0, 0, 0, '', 0),
(251, 77, 37, 4, 1, 0, 0, '', '', 0, 0, 0, 0.00, 1, 0.00, 0, 0.00, 0, 0, 0, '', 0),
(252, 77, 43, 4, 1, 0, 0, '', '', 0, 0, 0, 0.00, 1, 0.00, 0, 0.00, 0, 0, 0, '', 0),
(253, 77, 44, 4, 1, 0, 0, '', '', 0, 0, 0, 0.00, 1, 0.00, 0, 0.00, 0, 0, 0, '', 0),
(254, 78, 37, 4, 4, 0, 1, '1721868785', '1722309203', 7334, 0, 1, 7335.00, 1, 2.80, 5, 1.00, 0, 0, 2, 'Visit ante 2.8', 1),
(255, 78, 43, 4, 2, 0, 0, '', '', 0, 0, 0, 0.00, 1, 0.00, 0, 0.00, 0, 0, 0, '', 1),
(256, 78, 44, 4, 4, 0, 1, '1721868785', '1722309203', 7334, 0, 1, 7335.00, 1, 2.80, 5, 1.00, 0, 0, 2, 'Visit ante 2.8', 1),
(257, 78, 85, 2, 2, 0, 0, '', '', 0, 0, 0, 0.00, 1, 0.00, 0, 0.00, 0, 0, 0, '', 1),
(258, 79, 37, 4, 1, 0, 0, '', '', 0, 0, 0, 0.00, 1, 0.00, 0, 0.00, 0, 0, 0, '', 1),
(259, 79, 43, 4, 1, 0, 0, '', '', 0, 0, 0, 0.00, 1, 0.00, 0, 0.00, 0, 0, 0, '', 0),
(260, 79, 44, 4, 1, 0, 0, '', '', 0, 0, 0, 0.00, 1, 0.00, 0, 0.00, 0, 0, 0, '', 0),
(261, 80, 37, 4, 1, 0, 0, '', '', 0, 0, 0, 0.00, 1, 0.00, 0, 0.00, 0, 0, 0, '', 0),
(262, 80, 43, 4, 1, 0, 0, '', '', 0, 0, 0, 0.00, 1, 0.00, 0, 0.00, 0, 0, 0, '', 0),
(263, 80, 44, 4, 1, 0, 0, '', '', 0, 0, 0, 0.00, 1, 0.00, 0, 0.00, 0, 0, 0, '', 0),
(264, 81, 37, 4, 1, 0, 0, '', '', 0, 0, 0, 0.00, 1, 0.00, 0, 0.00, 0, 0, 0, '', 0),
(265, 81, 43, 4, 1, 0, 0, '', '', 0, 0, 0, 0.00, 1, 0.00, 0, 0.00, 0, 0, 0, '', 0),
(266, 81, 44, 4, 1, 0, 0, '', '', 0, 0, 0, 0.00, 1, 0.00, 0, 0.00, 0, 0, 0, '', 0),
(267, 82, 37, 4, 1, 0, 0, '', '', 0, 0, 0, 0.00, 1, 0.00, 0, 0.00, 0, 0, 0, '', 0),
(268, 82, 43, 4, 1, 0, 0, '', '', 0, 0, 0, 0.00, 1, 0.00, 0, 0.00, 0, 0, 0, '', 0),
(269, 82, 44, 4, 1, 0, 0, '', '', 0, 0, 0, 0.00, 1, 0.00, 0, 0.00, 0, 0, 0, '', 0),
(270, 82, 86, 0, 1, 0, 0, '', '', 0, 0, 0, 0.00, 1, 0.00, 0, 0.00, 0, 0, 0, '', 0),
(271, 82, 87, 0, 1, 0, 0, '', '', 0, 0, 0, 0.00, 1, 0.00, 0, 0.00, 0, 0, 0, '', 0),
(272, 82, 88, 0, 1, 0, 0, '', '', 0, 0, 0, 0.00, 1, 0.00, 0, 0.00, 0, 0, 0, '', 0),
(273, 82, 89, 0, 1, 0, 0, '', '', 0, 0, 0, 0.00, 1, 0.00, 0, 0.00, 0, 0, 0, '', 0),
(274, 82, 90, 1, 1, 0, 0, '', '', 0, 0, 0, 0.00, 1, 0.00, 0, 0.00, 0, 0, 0, '', 0),
(275, 82, 91, 4, 1, 0, 0, '', '', 0, 0, 0, 0.00, 1, 0.00, 0, 0.00, 0, 0, 0, '', 0),
(276, 83, 37, 4, 1, 0, 0, '', '', 0, 0, 0, 0.00, 1, 0.00, 0, 0.00, 0, 0, 0, '', 0),
(277, 83, 43, 4, 1, 0, 0, '', '', 0, 0, 0, 0.00, 1, 0.00, 0, 0.00, 0, 0, 0, '', 0),
(278, 83, 44, 4, 1, 0, 0, '', '', 0, 0, 0, 0.00, 1, 0.00, 0, 0.00, 0, 0, 0, '', 0),
(279, 84, 37, 4, 4, 0, 1, '1721869039', '1722299448', 7167, 0, 1, 7168.00, 1, 2.80, 5, 1.00, 0, 0, 2, 'Visit ante 2.8', 1),
(280, 84, 43, 4, 4, 0, 1, '1721869039', '1722299448', 7167, 0, 1, 7168.00, 1, 2.80, 5, 1.00, 0, 0, 2, 'Visit ante 2.8', 1),
(281, 84, 44, 4, 4, 0, 1, '1721869039', '1722299448', 7167, 0, 1, 7168.00, 1, 2.80, 5, 1.00, 0, 0, 2, 'Visit ante 2.8', 1),
(282, 85, 92, 1, 4, 0, 2, '1721365583', '1722547224', 19682, 0, 1, 19684.00, 1, 0.00, 0, 0.00, 0, 0, 0, '', 0),
(283, 85, 93, 2, 4, 0, 3, '1721365583', '1722547224', 19593, 0, 1, 25485.20, 1, 0.00, 0, 0.00, 0, 0, 0, '', 0),
(284, 86, 37, 4, 0, 0, 0, '', '', 0, 0, 0, 0.00, 0, 0.00, 0, 0.00, 0, 0, 0, '', 0),
(285, 86, 43, 4, 0, 0, 0, '', '', 0, 0, 0, 0.00, 0, 0.00, 0, 0.00, 0, 0, 0, '', 0),
(286, 86, 44, 4, 0, 0, 0, '', '', 0, 0, 0, 0.00, 0, 0.00, 0, 0.00, 0, 0, 0, '', 0),
(287, 87, 37, 4, 4, 0, 1, '1722298753', '1722298764', 0, 0, 0, 0.00, 1, 2.80, 5, 1.00, 0, 0, 2, 'Visit ante 2.8', 1),
(288, 87, 43, 4, 0, 0, 0, '', '', 0, 0, 0, 0.00, 0, 0.00, 0, 0.00, 0, 0, 0, '', 0),
(289, 87, 44, 4, 0, 0, 0, '', '', 0, 0, 0, 0.00, 0, 0.00, 0, 0.00, 0, 0, 0, '', 0),
(290, 88, 37, 4, 4, 0, 1, '1721869216', '1721869285', 0, 0, 0, 0.00, 1, 2.80, 5, 1.00, 0, 0, 2, 'Visit ante 2.8', 1),
(291, 88, 43, 4, 4, 0, 1, '1721869216', '1721869285', 0, 0, 0, 0.00, 1, 2.80, 5, 1.00, 0, 0, 2, 'Visit ante 2.8', 1),
(292, 88, 44, 4, 4, 0, 1, '1721869216', '1721869285', 0, 0, 0, 0.00, 1, 2.80, 5, 1.00, 0, 0, 2, 'Visit ante 2.8', 1),
(293, 89, 37, 4, 0, 0, 0, '', '', 0, 0, 0, 0.00, 0, 0.00, 0, 0.00, 0, 0, 0, '', 0),
(294, 89, 43, 4, 4, 0, 1, '1722297949', '1722298697', 6, 0, 1, 7.00, 1, 2.80, 5, 1.00, 0, 0, 2, 'Visit ante 2.8', 1),
(295, 89, 44, 4, 0, 0, 0, '', '', 0, 0, 0, 0.00, 0, 0.00, 0, 0.00, 0, 0, 0, '', 0),
(296, 90, 37, 4, 4, 0, 2, '1722299535', '1722299555', 0, 0, 0, 0.00, 1, 3.70, 10, 1.00, 0, 0, 3, 'Lojista', 1),
(297, 90, 43, 4, 0, 0, 0, '', '', 0, 0, 0, 0.00, 0, 0.00, 0, 0.00, 0, 0, 0, '', 0),
(298, 90, 44, 4, 0, 0, 0, '', '', 0, 0, 0, 0.00, 0, 0.00, 0, 0.00, 0, 0, 0, '', 0),
(299, 91, 94, 2, 4, 0, 4, '1721428177', '1722547332', 18580, 0, 1, 26030.20, 1, 0.00, 0, 0.00, 0, 0, 0, '', 0),
(300, 92, 95, 1, 4, 0, 1, '1722299692', '1722299699', 0, 0, 0, 0.00, 1, 0.00, 0, 0.00, 0, 0, 0, '', 0),
(301, 78, 96, 2, 4, 0, 1, '1721868785', '1722309203', 7334, 0, 1, 7335.00, 1, 2.80, 5, 1.00, 0, 0, 2, 'Visit ante 2.8', 0),
(302, 78, 97, 3, 4, 0, 1, '1721868785', '1722309203', 7334, 0, 1, 7335.00, 1, 2.80, 5, 1.00, 0, 0, 2, 'Visit ante 2.8', 0),
(303, 93, 37, 4, 1, 0, 0, '', '', 0, 0, 0, 0.00, 1, 0.00, 0, 0.00, 0, 0, 0, '', 0),
(304, 93, 43, 4, 1, 0, 0, '', '', 0, 0, 0, 0.00, 1, 0.00, 0, 0.00, 0, 0, 0, '', 0),
(305, 93, 44, 4, 1, 0, 0, '', '', 0, 0, 0, 0.00, 1, 0.00, 0, 0.00, 0, 0, 0, '', 0),
(306, 94, 37, 4, 3, 0, 3, '1722571512', '', 0, 0, 0, 0.00, 1, 4.70, 90, 1.30, 0, 0, 12, 'Outros', 1),
(307, 94, 43, 4, 0, 0, 0, '', '', 0, 0, 0, 0.00, 0, 0.00, 0, 0.00, 0, 0, 0, '', 0),
(308, 94, 44, 4, 0, 0, 0, '', '', 0, 0, 0, 0.00, 0, 0.00, 0, 0.00, 0, 0, 0, '', 0),
(309, 94, 98, 1, 3, 0, 3, '1722571512', '', 0, 0, 0, 0.00, 1, 4.70, 90, 1.30, 0, 0, 12, 'Outros', 1),
(310, 74, 99, 4, 4, 0, 3, '1721868724', '1722309216', 7240, 0, 1, 9427.60, 1, 4.70, 90, 1.30, 0, 0, 12, 'Outros', 0),
(311, 88, 100, 2, 4, 0, 1, '1721869216', '1721869285', 0, 0, 0, 0.00, 1, 2.80, 5, 1.00, 0, 0, 2, 'Visit ante 2.8', 0),
(312, 88, 101, 1, 4, 0, 1, '1721869216', '1721869285', 0, 0, 0, 0.00, 1, 2.80, 5, 1.00, 0, 0, 2, 'Visit ante 2.8', 0),
(313, 88, 102, 1, 4, 0, 1, '1721869216', '1721869285', 0, 0, 0, 0.00, 1, 2.80, 5, 1.00, 0, 0, 2, 'Visit ante 2.8', 0),
(314, 87, 103, 2, 4, 0, 2, '1722298753', '1722298764', 0, 0, 0, 0.00, 1, 3.70, 10, 1.00, 0, 0, 3, 'Lojista', 0),
(315, 95, 37, 4, 4, 0, 3, '1722310817', '1722547480', 3843, 0, 1, 3939.00, 1, 4.70, 90, 1.30, 0, 0, 12, 'Outros', 0),
(316, 95, 43, 4, 4, 0, 1, '1722310817', '1722547480', 3938, 0, 1, 5010.20, 1, 2.80, 5, 1.00, 0, 0, 2, 'Visit ante 2.8', 0),
(317, 95, 44, 4, 4, 0, 3, '1722310817', '1722547356', 3841, 0, 1, 5007.60, 1, 4.70, 90, 1.30, 0, 0, 12, 'Outros', 0),
(318, 95, 100, 4, 4, 0, 2, '1722310817', '1722548885', 3955, 0, 1, 3958.00, 1, 3.70, 10, 1.00, 0, 0, 3, 'Lojista', 0),
(319, 96, 37, 4, 2, 0, 0, '', '', 0, 0, 0, 0.00, 1, 0.00, 0, 0.00, 0, 0, 0, '', 0),
(320, 96, 43, 4, 2, 0, 0, '', '', 0, 0, 0, 0.00, 1, 0.00, 0, 0.00, 0, 0, 0, '', 0),
(321, 96, 44, 4, 4, 0, 3, '1722311046', '1722547553', 3840, 0, 1, 5007.60, 1, 4.70, 90, 1.30, 0, 0, 12, 'Outros', 0),
(322, 96, 100, 4, 4, 0, 2, '1722311046', '1722548918', 3952, 0, 1, 3955.00, 1, 3.70, 10, 1.00, 0, 0, 3, 'Lojista', 0),
(323, 97, 37, 4, 4, 0, 3, '1722547473', '1722547495', 0, 0, 0, 0.00, 1, 4.70, 90, 1.30, 0, 0, 12, 'Outros', 0),
(324, 97, 43, 4, 4, 0, 2, '1722547473', '1722547543', 0, 0, 0, 0.00, 1, 3.70, 10, 1.00, 0, 0, 3, 'Lojista', 0),
(325, 97, 44, 4, 4, 0, 1, '1722547473', '1722548929', 18, 0, 1, 19.00, 1, 2.80, 5, 1.00, 0, 0, 2, 'Visit ante 2.8', 0),
(326, 97, 100, 4, 4, 0, 1, '1722547473', '1722548929', 18, 0, 1, 19.00, 1, 2.80, 5, 1.00, 0, 0, 2, 'Visit ante 2.8', 0),
(327, 98, 37, 4, 0, 0, 0, '', '', 0, 0, 0, 0.00, 0, 0.00, 0, 0.00, 0, 0, 0, '', 0),
(328, 98, 43, 4, 4, 0, 2, '1722558685', '1722561634', 37, 0, 1, 39.00, 1, 3.70, 10, 1.00, 0, 0, 3, 'Lojista', 1),
(329, 98, 44, 4, 3, 0, 3, '1722558685', '', 0, 0, 0, 0.00, 1, 4.70, 90, 1.30, 0, 0, 12, 'Outros', 1),
(330, 98, 100, 4, 0, 0, 0, '', '', 0, 0, 0, 0.00, 0, 0.00, 0, 0.00, 0, 0, 0, '', 0),
(331, 99, 37, 4, 0, 0, 0, '', '', 0, 0, 0, 0.00, 0, 0.00, 0, 0.00, 0, 0, 0, '', 0),
(332, 99, 43, 4, 2, 0, 0, '', '', 0, 0, 0, 0.00, 1, 0.00, 0, 0.00, 0, 0, 0, '', 1),
(333, 99, 44, 4, 0, 0, 0, '', '', 0, 0, 0, 0.00, 0, 0.00, 0, 0.00, 0, 0, 0, '', 0),
(334, 99, 100, 4, 0, 0, 0, '', '', 0, 0, 0, 0.00, 0, 0.00, 0, 0.00, 0, 0, 0, '', 0),
(335, 100, 37, 4, 0, 0, 0, '', '', 0, 0, 0, 0.00, 0, 0.00, 0, 0.00, 0, 0, 0, '', 0),
(336, 100, 43, 4, 0, 0, 0, '', '', 0, 0, 0, 0.00, 0, 0.00, 0, 0.00, 0, 0, 0, '', 0),
(337, 100, 44, 4, 3, 0, 1, '1722561607', '', 0, 0, 0, 0.00, 1, 2.80, 5, 1.00, 0, 0, 2, 'Visit ante 2.8', 1),
(338, 100, 100, 4, 0, 0, 0, '', '', 0, 0, 0, 0.00, 0, 0.00, 0, 0.00, 0, 0, 0, '', 0),
(339, 101, 37, 4, 2, 0, 0, '', '', 0, 0, 0, 0.00, 1, 0.00, 0, 0.00, 0, 0, 0, '', 1),
(340, 101, 43, 4, 2, 0, 0, '', '', 0, 0, 0, 0.00, 1, 0.00, 0, 0.00, 0, 0, 0, '', 1),
(341, 101, 44, 4, 0, 0, 0, '', '', 0, 0, 0, 0.00, 0, 0.00, 0, 0.00, 0, 0, 0, '', 0),
(342, 101, 100, 4, 0, 0, 0, '', '', 0, 0, 0, 0.00, 0, 0.00, 0, 0.00, 0, 0, 0, '', 0),
(343, 102, 37, 4, 3, 0, 1, '1723073345', '', 0, 0, 0, 0.00, 1, 2.80, 5, 1.00, 0, 0, 2, 'Visit ante 2.8', 2),
(344, 102, 43, 4, 3, 0, 1, '1723073345', '', 0, 0, 0, 0.00, 1, 2.80, 5, 1.00, 0, 0, 2, 'Visit ante 2.8', 2),
(345, 102, 44, 4, 3, 0, 1, '1723073345', '', 0, 0, 0, 0.00, 1, 2.80, 5, 1.00, 0, 0, 2, 'Visit ante 2.8', 2),
(346, 102, 100, 4, 3, 0, 1, '1723073345', '', 0, 0, 0, 0.00, 1, 2.80, 5, 1.00, 0, 0, 2, 'Visit ante 2.8', 2),
(347, 103, 37, 4, 4, 0, 4, '1723069151', '1723073226', 0, 67, 0, 0.00, 1, 5.60, 60, 1.40, 0, 0, 13, 'Influencer', 2),
(348, 103, 43, 4, 3, 0, 3, '1723069151', '', 0, 0, 0, 0.00, 1, 4.70, 90, 1.30, 0, 0, 12, 'Outros', 2),
(349, 103, 44, 4, 3, 0, 3, '1723069151', '', 0, 0, 0, 0.00, 1, 4.70, 90, 1.30, 0, 0, 12, 'Outros', 2),
(350, 103, 100, 4, 3, 0, 1, '1723069151', '', 0, 0, 0, 0.00, 1, 2.80, 5, 1.00, 0, 0, 2, 'Visit ante 2.8', 2),
(351, 99, 104, 4, 3, 0, 2, '1722571564', '', 0, 0, 0, 0.00, 1, 3.70, 10, 1.00, 0, 0, 3, 'Lojista', 0),
(352, 101, 105, 2, 3, 0, 2, '1722572618', '', 0, 0, 0, 0.00, 1, 3.70, 10, 1.00, 0, 0, 3, 'Lojista', 0),
(353, 104, 37, 4, 1, 0, 0, '', '', 0, 0, 0, 0.00, 1, 0.00, 0, 0.00, 0, 0, 0, '', 0),
(354, 104, 43, 4, 1, 0, 0, '', '', 0, 0, 0, 0.00, 1, 0.00, 0, 0.00, 0, 0, 0, '', 0),
(355, 104, 44, 4, 1, 0, 0, '', '', 0, 0, 0, 0.00, 1, 0.00, 0, 0.00, 0, 0, 0, '', 0),
(356, 104, 100, 4, 1, 0, 0, '', '', 0, 0, 0, 0.00, 1, 0.00, 0, 0.00, 0, 0, 0, '', 0);

-- --------------------------------------------------------

--
-- Estrutura para tabela `tbevento`
--

CREATE TABLE `tbevento` (
  `id_evento` int(11) NOT NULL,
  `titulo` varchar(250) NOT NULL,
  `local` varchar(250) NOT NULL,
  `cidade` varchar(250) NOT NULL,
  `inicio` varchar(250) NOT NULL,
  `fim` varchar(250) NOT NULL,
  `status` int(11) NOT NULL DEFAULT 1,
  `modo_pgto` int(11) NOT NULL,
  `hash` varchar(300) NOT NULL,
  `regras_home` varchar(2500) NOT NULL,
  `regras_cadastro` varchar(2500) NOT NULL,
  `regras_parque` varchar(2500) NOT NULL,
  `msg_fimreserva` varchar(2500) NOT NULL,
  `capacidade` int(11) NOT NULL,
  `tempo_atualiza` int(11) NOT NULL,
  `mostra_tempo` int(11) NOT NULL,
  `tempo_tela` int(11) NOT NULL
) ENGINE=InnoDB DEFAULT CHARSET=utf8mb4 COLLATE=utf8mb4_general_ci;

--
-- Despejando dados para a tabela `tbevento`
--

INSERT INTO `tbevento` (`id_evento`, `titulo`, `local`, `cidade`, `inicio`, `fim`, `status`, `modo_pgto`, `hash`, `regras_home`, `regras_cadastro`, `regras_parque`, `msg_fimreserva`, `capacidade`, `tempo_atualiza`, `mostra_tempo`, `tempo_tela`) VALUES
(1, 'Metropolitan Parque Multi', 'Metropolitan', 'Rio de Janeiro', '1715180400', '', 2, 0, '0', '<div style=\\\"font-family: Arial, sans-serif; text-align: left\\\"><p style=\\\"color: #666; padding-bottom: 10px;\\\">Ao utilizar este serviço, você concorda com os seguintes termos:</p><ol style=\\\"color: #666; margin-left: 20px;\\\"><li>Os usuários devem respeitar os direitos de propriedade intelectual de terceiros.</li><li>Não é permitido utilizar este serviço para atividades ilegais ou antiéticas.</li><li>O conteúdo gerado pelos usuários deve ser adequado e respeitoso.</li><li>Os usuários são responsáveis por manter a segurança de suas contas.</li></ol><p style=\\\"color: #666;\\\">Ao continuar, você concorda em cumprir estas regras e termos de uso.</p></div>', '<h4>Atenção</h4>                                 <p>Antes de finalizar o seu pedido, certifique-se de ter autorizado cada um dos participantes contidos nesta solicitação. Para isso, basta clicar no botão \"Autorizar\" ao lado do nome do participante, ler o termo até o final, marcar a caixa de confirmação e clicar no botão salvar. Caso seja feito alguma edição nos dados do participante, será necessário realizar esta operação novamente. </p>', '<p>Lorem ipsum dolor sit amet, consectetur adipiscing elit. Sed eget varius neque. Morbi id convallis mauris, et ultricies nunc. Nunc tristique sodales tincidunt. Maecenas vel placerat nibh. Vivamus vehicula porta aliquet. Ut suscipit neque eu lobortis facilisis. Curabitur in aliquet mauris. </p> <p>Sed feugiat nulla eget lorem fringilla, et rutrum purus aliquet. Suspendisse est nunc, efficitur id tincidunt nec, suscipit sagittis ipsum. Donec tortor ex, semper a elementum quis, lacinia egestas nibh. Nullam vitae maximus metus. Vestibulum faucibus, ligula quis molestie dignissim, nibh lorem tincidunt tortor, vitae malesuada ipsum urna eu ligula.</p>', '<h2>Obrigado!</h2> <h3>Dirija-se à fila!</h3>', 100, 10, 1, 1000),
(2, 'Park Shopping Cmapo grande', 'campo grande', 'São Paulo', '', '', 2, 0, '0', '<div style=\\\"font-family: Arial, sans-serif; text-align: left\\\"><p style=\\\"color: #666; padding-bottom: 10px;\\\">Ao utilizar este serviço, você concorda com os seguintes termos:</p><ol style=\\\"color: #666; margin-left: 20px;\\\"><li>Os usuários devem respeitar os direitos de propriedade intelectual de terceiros.</li><li>Não é permitido utilizar este serviço para atividades ilegais ou antiéticas.</li><li>O conteúdo gerado pelos usuários deve ser adequado e respeitoso.</li><li>Os usuários são responsáveis por manter a segurança de suas contas.</li></ol><p style=\\\"color: #666;\\\">Ao continuar, você concorda em cumprir estas regras e termos de uso.</p></div>', '<h4>Atenção</h4>                                 <p>Antes de finalizar o seu pedido, certifique-se de ter autorizado cada um dos participantes contidos nesta solicitação. Para isso, basta clicar no botão \"Autorizar\" ao lado do nome do participante, ler o termo até o final, marcar a caixa de confirmação e clicar no botão salvar. Caso seja feito alguma edição nos dados do participante, será necessário realizar esta operação novamente. </p>', '<p>Lorem ipsum dolor sit amet, consectetur adipiscing elit. Sed eget varius neque. Morbi id convallis mauris, et ultricies nunc. Nunc tristique sodales tincidunt. Maecenas vel placerat nibh. Vivamus vehicula porta aliquet. Ut suscipit neque eu lobortis facilisis. Curabitur in aliquet mauris. </p> <p>Sed feugiat nulla eget lorem fringilla, et rutrum purus aliquet. Suspendisse est nunc, efficitur id tincidunt nec, suscipit sagittis ipsum. Donec tortor ex, semper a elementum quis, lacinia egestas nibh. Nullam vitae maximus metus. Vestibulum faucibus, ligula quis molestie dignissim, nibh lorem tincidunt tortor, vitae malesuada ipsum urna eu ligula.</p>', '<h2>Obrigado!</h2> <h3>Dirija-se à fila!</h3>', 100, 10, 1, 3600);

-- --------------------------------------------------------

--
-- Estrutura para tabela `tbevento_ativo`
--

CREATE TABLE `tbevento_ativo` (
  `id` int(11) NOT NULL,
  `hash` varchar(250) NOT NULL,
  `ativo` int(11) NOT NULL DEFAULT 1,
  `datahora_cria` varchar(250) NOT NULL,
  `idevento` int(11) NOT NULL
) ENGINE=InnoDB DEFAULT CHARSET=utf8mb4 COLLATE=utf8mb4_general_ci;

--
-- Despejando dados para a tabela `tbevento_ativo`
--

INSERT INTO `tbevento_ativo` (`id`, `hash`, `ativo`, `datahora_cria`, `idevento`) VALUES
(1, '321', 1, '1717542595', 1),
(2, '123', 1, '1717542595', 2);

-- --------------------------------------------------------

--
-- Estrutura para tabela `tbfinanceiro`
--

CREATE TABLE `tbfinanceiro` (
  `id` int(11) NOT NULL,
  `id_prevenda` int(11) NOT NULL,
  `tp_cobranca` int(11) NOT NULL,
  `valor` decimal(10,2) NOT NULL,
  `forma_pgto` int(11) NOT NULL,
  `ativo` int(11) NOT NULL DEFAULT 1,
  `hora_pgto` varchar(250) NOT NULL,
  `usuario` int(11) NOT NULL
) ENGINE=InnoDB DEFAULT CHARSET=utf8mb4 COLLATE=utf8mb4_general_ci;

--
-- Despejando dados para a tabela `tbfinanceiro`
--

INSERT INTO `tbfinanceiro` (`id`, `id_prevenda`, `tp_cobranca`, `valor`, `forma_pgto`, `ativo`, `hora_pgto`, `usuario`) VALUES
(2, 9, 1, 3.70, 2, 1, '1716235417', 0),
(3, 5, 4, 9999.99, 4, 1, '1716338530', 0),
(4, 4, 4, 13008.00, 2, 1, '1716342111', 0),
(5, 14, 1, 5.60, 1, 1, '1716354350', 0),
(6, 19, 1, 6.50, 3, 1, '1716417870', 0),
(7, 14, 4, 2108.00, 4, 1, '1716418027', 0),
(8, 19, 4, 0.00, 3, 1, '1716418129', 0),
(9, 9, 4, 41818.00, 2, 1, '1718770100', 0),
(10, 6, 4, 122331.90, 1, 1, '1718770135', 0),
(11, 3, 4, 283016.10, 3, 1, '1718775220', 0),
(12, 2, 4, 50747.00, 1, 1, '1718775270', 0),
(13, 7, 4, 100977.00, 2, 1, '1718775286', 0),
(14, 8, 4, 197816.00, 3, 1, '1718775514', 0),
(15, 27, 1, 3.70, 3, 1, '1718800960', 0),
(16, 25, 1, 7.50, 1, 1, '1718801379', 0),
(17, 34, 1, 3.70, 3, 1, '1718801457', 0),
(18, 27, 4, 0.00, 3, 1, '1718801510', 0),
(19, 25, 4, 1855.00, 2, 1, '1718912974', 0),
(20, 25, 4, 2301.00, 3, 1, '1718912991', 0),
(21, 34, 4, 1849.00, 3, 1, '1718913001', 0),
(22, 26, 1, 84.60, 4, 1, '1718923688', 0),
(23, 26, 4, 0.00, 4, 1, '1718923765', 0),
(24, 26, 4, 0.00, 3, 1, '1718923808', 0),
(25, 26, 4, 0.00, 2, 1, '1718923835', 0),
(26, 26, 4, 0.00, 3, 1, '1718923903', 0),
(27, 26, 4, 0.00, 2, 1, '1718925048', 0),
(28, 26, 4, 0.00, 2, 1, '1718925099', 0),
(29, 28, 1, 10.20, 4, 1, '1718925363', 0),
(30, 29, 1, 3.70, 4, 1, '1718925440', 0),
(31, 30, 1, 4.70, 3, 1, '1718925539', 0),
(32, 29, 4, 0.00, 5, 1, '1718926050', 0),
(33, 17, 1, 4.70, 3, 1, '1718926095', 0),
(34, 28, 4, 73.00, 3, 1, '1718928501', 0),
(35, 33, 1, 2.80, 3, 1, '1718930091', 0),
(36, 46, 1, 21.40, 3, 1, '1718930482', 0),
(37, 35, 1, 20.60, 2, 1, '1718930697', 0),
(38, 36, 1, 21.50, 2, 1, '1718930830', 0),
(39, 37, 1, 3.70, 3, 1, '1718930981', 0),
(40, 20, 1, 3.70, 4, 1, '1718931667', 0),
(41, 42, 1, 6.50, 2, 1, '1718931760', 0),
(42, 47, 1, 26.00, 2, 1, '1718932101', 0),
(43, 48, 1, 11.20, 2, 1, '1718932201', 0),
(44, 49, 1, 4.70, 3, 1, '1718932807', 0),
(45, 50, 1, 11.20, 2, 1, '1718932937', 0),
(46, 48, 4, 13.00, 3, 1, '1718933025', 0),
(47, 50, 4, 0.00, 4, 1, '1718933075', 0),
(48, 28, 4, 148.00, 1, 1, '1718934835', 0),
(49, 51, 1, 26.20, 4, 1, '1718935498', 0),
(50, 30, 4, 107.90, 2, 1, '1718935897', 0),
(51, 52, 1, 25.10, 3, 1, '1718940976', 0),
(52, 54, 1, 11.10, 4, 1, '1718941548', 0),
(53, 55, 1, 12.10, 3, 1, '1718941625', 0),
(54, 56, 1, 12.10, 4, 1, '1718941766', 0),
(55, 57, 1, 12.10, 3, 1, '1718941966', 0),
(56, 58, 1, 11.10, 3, 1, '1718942149', 0),
(57, 17, 4, 231.40, 2, 1, '1718942185', 0),
(58, 59, 1, 11.20, 3, 1, '1718942359', 0),
(59, 33, 4, 1202.00, 1, 1, '1719002515', 0),
(60, 51, 4, 7561.60, 3, 1, '1719002586', 0),
(61, 58, 4, 2997.00, 2, 1, '1719002701', 0),
(62, 59, 4, 3194.40, 2, 1, '1719002818', 0),
(63, 57, 4, 3212.50, 2, 1, '1719002859', 0),
(64, 52, 4, 6680.10, 3, 1, '1719002938', 0),
(65, 46, 4, 8502.00, 2, 1, '1719003727', 0),
(66, 60, 1, 12.10, 2, 1, '1719354311', 0),
(67, 35, 4, 27768.00, 2, 1, '1719364292', 0),
(68, 35, 4, 14457.00, 4, 1, '1719364847', 0),
(69, 36, 4, 24496.60, 2, 1, '1719364904', 0),
(70, 36, 4, 18582.20, 1, 1, '1719365039', 0),
(71, 37, 4, 7240.00, 3, 1, '1719366001', 0),
(72, 20, 4, 7229.00, 2, 1, '1719366034', 0),
(73, 42, 4, 7229.00, 1, 1, '1719366087', 0),
(74, 42, 4, 7251.00, 1, 1, '1719367123', 0),
(75, 47, 4, 10078.60, 1, 1, '1719367648', 0),
(76, 47, 4, 10088.40, 2, 1, '1719368089', 0),
(77, 47, 4, 31396.00, 1, 1, '1719403663', 0),
(78, 54, 4, 23076.00, 2, 1, '1719403707', 0),
(79, 49, 4, 10091.90, 2, 1, '1719404024', 0),
(80, 56, 4, 25325.80, 2, 1, '1719404728', 0),
(81, 60, 4, 1059.50, 2, 1, '1719408637', 0),
(82, 60, 4, 907.00, 1, 1, '1719409354', 0),
(83, 60, 4, 920.00, 2, 1, '1719410130', 0),
(84, 61, 1, 5.60, 2, 1, '1719411538', 0),
(85, 62, 1, 13.10, 2, 1, '1719411569', 0),
(86, 62, 4, 0.00, 3, 1, '1719411673', 0),
(87, 63, 1, 10.30, 2, 1, '1719426152', 0),
(88, 61, 4, 259.00, 1, 1, '1719426255', 0),
(89, 62, 4, 436.50, 2, 1, '1719426274', 0),
(90, 63, 4, 0.00, 2, 1, '1719426475', 0),
(91, 63, 4, 3.00, 2, 1, '1719426629', 0),
(92, 63, 4, 6.00, 2, 1, '1719426841', 0),
(93, 64, 1, 12.10, 2, 1, '1719427953', 0),
(94, 67, 1, 21.40, 3, 1, '1720067481', 0),
(95, 64, 4, 58639.40, 2, 1, '1720464520', 0),
(96, 67, 4, 26467.00, 3, 1, '1720464895', 0),
(97, 66, 1, 9.30, 3, 1, '1720735853', 0),
(98, 67, 4, 26814.80, 1, 1, '1720740182', 0),
(99, 66, 4, 63.00, 1, 1, '1720740250', 0),
(100, 68, 1, 15.90, 2, 1, '1720740490', 0),
(101, 69, 1, 2.80, 3, 1, '1720740599', 0),
(102, 70, 1, 35.00, 1, 1, '1720740803', 0),
(103, 71, 1, 35.00, 2, 1, '1720740889', 0),
(104, 70, 4, 15.00, 2, 1, '1720742051', 0),
(105, 66, 4, 214.00, 1, 1, '1720742575', 0),
(106, 72, 1, 6.50, 2, 1, '1720742671', 0),
(107, 68, 4, 0.00, 0, 1, '1720742772', 0),
(108, 68, 4, 15216.00, 1, 1, '1721083090', 0),
(109, 85, 1, 8.40, 2, 1, '1721365583', 0),
(110, 91, 1, 5.60, 2, 1, '1721428177', 0),
(111, 72, 4, 11469.00, 2, 1, '1721431407', 0),
(112, 74, 1, 9.40, 2, 1, '1721868724', 0),
(113, 78, 1, 11.20, 1, 1, '1721868785', 0),
(114, 84, 1, 8.40, 1, 1, '1721869039', 0),
(115, 88, 1, 16.80, 2, 1, '1721869216', 0),
(116, 88, 4, 0.00, 4, 1, '1721869296', 0),
(117, 89, 1, 2.80, 1, 1, '1722297949', 0),
(118, 89, 4, 7.00, 1, 1, '1722298703', 0),
(119, 87, 1, 6.50, 2, 1, '1722298753', 0),
(120, 87, 4, 0.00, 0, 1, '1722298775', 0),
(121, 84, 4, 21504.00, 1, 1, '1722299457', 0),
(122, 90, 1, 3.70, 2, 1, '1722299535', 0),
(123, 90, 4, 0.00, 0, 1, '1722299567', 0),
(124, 92, 1, 2.80, 3, 1, '1722299692', 0),
(125, 92, 4, 0.00, 0, 1, '1722299708', 0),
(126, 78, 4, 29340.00, 2, 1, '1722309209', 0),
(127, 74, 4, 18855.20, 2, 1, '1722309222', 0),
(128, 69, 4, 26165.00, 2, 1, '1722310787', 0),
(129, 95, 1, 15.90, 2, 1, '1722310817', 0),
(130, 96, 1, 8.40, 2, 1, '1722311046', 0),
(131, 85, 4, 45169.20, 1, 1, '1722547231', 0),
(132, 72, 4, 30071.00, 1, 1, '1722547328', 0),
(133, 91, 4, 26030.20, 1, 1, '1722547338', 0),
(134, 95, 4, 5007.60, 2, 1, '1722547363', 0),
(135, 97, 1, 14.00, 1, 1, '1722547473', 0),
(136, 95, 4, 8949.20, 1, 1, '1722547487', 0),
(137, 97, 4, 0.00, 0, 1, '1722547501', 0),
(138, 97, 4, 0.00, 0, 1, '1722547549', 0),
(139, 96, 4, 5007.60, 2, 1, '1722547560', 0),
(140, 95, 4, 3958.00, 1, 1, '1722548891', 0),
(141, 96, 4, 3955.00, 2, 1, '1722548924', 0),
(142, 97, 4, 38.00, 1, 1, '1722548935', 0),
(143, 98, 1, 8.40, 1, 1, '1722558685', 0),
(144, 100, 1, 2.80, 1, 1, '1722561607', 0),
(145, 98, 4, 39.00, 2, 1, '1722561642', 0),
(146, 94, 1, 9.40, 3, 1, '1722571512', 0),
(147, 99, 1, 3.70, 1, 1, '1722571564', 0),
(148, 101, 1, 3.70, 1, 1, '1722572618', 0),
(149, 103, 1, 17.80, 1, 1, '1723069151', 0),
(150, 102, 1, 11.20, 1, 1, '1723073345', 0);

-- --------------------------------------------------------

--
-- Estrutura para tabela `tbfinanceiro_detalha`
--

CREATE TABLE `tbfinanceiro_detalha` (
  `iddetalha` int(11) NOT NULL,
  `idprevenda` int(11) NOT NULL,
  `identrada` int(11) NOT NULL,
  `idfinanceiro` int(11) NOT NULL,
  `datahorasaida` varchar(250) NOT NULL,
  `permanencia` int(11) NOT NULL,
  `datahorapgto` varchar(250) NOT NULL,
  `valorpgto` decimal(10,2) NOT NULL,
  `tipopgto` int(11) NOT NULL,
  `pgtoinout` int(11) NOT NULL COMMENT 'pagamento in/ou entrada 1 saida - 2'
) ENGINE=InnoDB DEFAULT CHARSET=utf8mb4 COLLATE=utf8mb4_general_ci;

--
-- Despejando dados para a tabela `tbfinanceiro_detalha`
--

INSERT INTO `tbfinanceiro_detalha` (`iddetalha`, `idprevenda`, `identrada`, `idfinanceiro`, `datahorasaida`, `permanencia`, `datahorapgto`, `valorpgto`, `tipopgto`, `pgtoinout`) VALUES
(1, 2, 18, 0, '1718775262', 50757, '1718775270', 50747.00, 0, 2),
(2, 7, 22, 0, '1718775280', 50496, '1718775286', 50491.00, 0, 2),
(3, 7, 21, 0, '1718775280', 50496, '1718775286', 50486.00, 0, 2),
(4, 8, 26, 0, '1718775496', 49459, '1718775514', 49454.00, 3, 2),
(5, 8, 25, 0, '1718775496', 49459, '1718775514', 49454.00, 3, 2),
(6, 8, 24, 0, '1718775496', 49459, '1718775514', 49454.00, 3, 2),
(7, 8, 23, 0, '1718775496', 49459, '1718775514', 49454.00, 3, 2),
(8, 25, 38, 0, '', 0, '1718801379', 2.80, 1, 1),
(9, 25, 40, 0, '', 0, '1718801379', 4.70, 1, 1),
(10, 34, 83, 0, '', 0, '1718801457', 3.70, 3, 1),
(11, 27, 60, 0, '1718801493', 9, '1718801510', 0.00, 3, 2),
(12, 25, 38, 0, '1718912962', 1860, '1718912974', 1855.00, 2, 2),
(13, 25, 40, 0, '1718912981', 1860, '1718912991', 2301.00, 3, 2),
(14, 34, 83, 0, '1718912995', 1859, '1718913001', 1849.00, 3, 2),
(15, 26, 41, 0, '', 0, '1718923688', 4.70, 4, 1),
(16, 26, 42, 0, '', 0, '1718923688', 4.70, 4, 1),
(17, 26, 43, 0, '', 0, '1718923688', 4.70, 4, 1),
(18, 26, 44, 0, '', 0, '1718923688', 4.70, 4, 1),
(19, 26, 45, 0, '', 0, '1718923688', 4.70, 4, 1),
(20, 26, 46, 0, '', 0, '1718923688', 4.70, 4, 1),
(21, 26, 47, 0, '', 0, '1718923688', 4.70, 4, 1),
(22, 26, 48, 0, '', 0, '1718923688', 4.70, 4, 1),
(23, 26, 49, 0, '', 0, '1718923688', 4.70, 4, 1),
(24, 26, 50, 0, '', 0, '1718923688', 4.70, 4, 1),
(25, 26, 51, 0, '', 0, '1718923688', 4.70, 4, 1),
(26, 26, 52, 0, '', 0, '1718923688', 4.70, 4, 1),
(27, 26, 53, 0, '', 0, '1718923688', 4.70, 4, 1),
(28, 26, 54, 0, '', 0, '1718923688', 4.70, 4, 1),
(29, 26, 55, 0, '', 0, '1718923688', 4.70, 4, 1),
(30, 26, 56, 0, '', 0, '1718923688', 4.70, 4, 1),
(31, 26, 57, 0, '', 0, '1718923688', 4.70, 4, 1),
(32, 26, 58, 0, '', 0, '1718923688', 4.70, 4, 1),
(33, 26, 58, 23, '1718923740', 1, '1718923765', 0.00, 4, 2),
(34, 26, 52, 23, '1718923740', 1, '1718923765', 0.00, 4, 2),
(35, 26, 51, 23, '1718923740', 1, '1718923765', 0.00, 4, 2),
(36, 26, 45, 23, '1718923740', 1, '1718923765', 0.00, 4, 2),
(37, 26, 44, 23, '1718923740', 1, '1718923765', 0.00, 4, 2),
(38, 26, 43, 23, '1718923740', 1, '1718923765', 0.00, 4, 2),
(39, 26, 57, 24, '1718923791', 2, '1718923808', 0.00, 3, 2),
(40, 26, 54, 24, '1718923791', 2, '1718923808', 0.00, 3, 2),
(41, 26, 53, 24, '1718923791', 2, '1718923808', 0.00, 3, 2),
(42, 26, 50, 24, '1718923791', 2, '1718923808', 0.00, 3, 2),
(43, 26, 41, 24, '1718923791', 2, '1718923808', 0.00, 3, 2),
(44, 26, 56, 25, '1718923823', 2, '1718923835', 0.00, 2, 2),
(45, 26, 46, 25, '1718923823', 2, '1718923835', 0.00, 2, 2),
(46, 26, 42, 25, '1718923823', 2, '1718923835', 0.00, 2, 2),
(47, 26, 55, 26, '1718923861', 3, '1718923903', 0.00, 3, 2),
(48, 26, 49, 26, '1718923861', 3, '1718923903', 0.00, 3, 2),
(49, 26, 48, 27, '1718924986', 22, '1718925048', 0.00, 2, 2),
(50, 26, 47, 28, '1718925091', 23, '1718925099', 0.00, 2, 2),
(51, 28, 63, 0, '', 0, '1718925363', 2.80, 4, 1),
(52, 28, 61, 0, '', 0, '1718925363', 3.70, 4, 1),
(53, 28, 62, 0, '', 0, '1718925363', 3.70, 4, 1),
(54, 29, 64, 0, '', 0, '1718925440', 3.70, 4, 1),
(55, 30, 65, 0, '', 0, '1718925539', 4.70, 3, 1),
(56, 29, 64, 32, '1718926030', 10, '1718926050', 0.00, 5, 2),
(57, 17, 30, 0, '', 0, '1718926095', 4.70, 3, 1),
(58, 28, 63, 34, '1718927998', 44, '1718928501', 39.00, 3, 2),
(59, 28, 62, 34, '1718927998', 44, '1718928501', 34.00, 3, 2),
(60, 33, 78, 0, '', 0, '1718930091', 2.80, 3, 1),
(61, 46, 140, 0, '', 0, '1718930482', 2.80, 3, 1),
(62, 46, 142, 0, '', 0, '1718930482', 2.80, 3, 1),
(63, 46, 144, 0, '', 0, '1718930482', 2.80, 3, 1),
(64, 46, 145, 0, '', 0, '1718930482', 2.80, 3, 1),
(65, 46, 146, 0, '', 0, '1718930482', 2.80, 3, 1),
(66, 46, 141, 0, '', 0, '1718930482', 3.70, 3, 1),
(67, 46, 143, 0, '', 0, '1718930482', 3.70, 3, 1),
(68, 35, 88, 0, '', 0, '1718930697', 2.80, 2, 1),
(69, 35, 85, 0, '', 0, '1718930697', 3.70, 2, 1),
(70, 35, 84, 0, '', 0, '1718930697', 4.70, 2, 1),
(71, 35, 86, 0, '', 0, '1718930697', 4.70, 2, 1),
(72, 35, 87, 0, '', 0, '1718930697', 4.70, 2, 1),
(73, 36, 93, 0, '', 0, '1718930830', 2.80, 2, 1),
(74, 36, 92, 0, '', 0, '1718930830', 3.70, 2, 1),
(75, 36, 89, 0, '', 0, '1718930830', 4.70, 2, 1),
(76, 36, 90, 0, '', 0, '1718930830', 4.70, 2, 1),
(77, 36, 91, 0, '', 0, '1718930830', 5.60, 2, 1),
(78, 37, 96, 0, '', 0, '1718930981', 3.70, 3, 1),
(79, 20, 82, 0, '', 0, '1718931667', 3.70, 4, 1),
(80, 42, 122, 0, '', 0, '1718931760', 2.80, 2, 1),
(81, 42, 123, 0, '', 0, '1718931760', 3.70, 2, 1),
(82, 47, 148, 0, '', 0, '1718932101', 3.70, 2, 1),
(83, 47, 149, 0, '', 0, '1718932101', 3.70, 2, 1),
(84, 47, 150, 0, '', 0, '1718932101', 3.70, 2, 1),
(85, 47, 152, 0, '', 0, '1718932101', 3.70, 2, 1),
(86, 47, 147, 0, '', 0, '1718932101', 5.60, 2, 1),
(87, 47, 151, 0, '', 0, '1718932101', 5.60, 2, 1),
(88, 48, 154, 0, '', 0, '1718932201', 2.80, 2, 1),
(89, 48, 156, 0, '', 0, '1718932201', 3.70, 2, 1),
(90, 48, 153, 0, '', 0, '1718932201', 4.70, 2, 1),
(91, 49, 164, 0, '', 0, '1718932807', 4.70, 3, 1),
(92, 50, 169, 0, '', 0, '1718932937', 2.80, 2, 1),
(93, 50, 170, 0, '', 0, '1718932937', 3.70, 2, 1),
(94, 50, 165, 0, '', 0, '1718932937', 4.70, 2, 1),
(95, 48, 156, 46, '1718933017', 14, '1718933025', 4.00, 3, 2),
(96, 48, 154, 46, '1718933017', 14, '1718933025', 9.00, 3, 2),
(97, 48, 153, 46, '1718933017', 14, '1718933025', 0.00, 3, 2),
(98, 50, 170, 47, '1718933066', 2, '1718933075', 0.00, 4, 2),
(99, 50, 169, 47, '1718933066', 2, '1718933075', 0.00, 4, 2),
(100, 50, 165, 47, '1718933066', 2, '1718933075', 0.00, 4, 2),
(101, 28, 61, 48, '1718934826', 158, '1718934835', 148.00, 1, 2),
(102, 51, 174, 0, '', 0, '1718935498', 3.70, 4, 1),
(103, 51, 175, 0, '', 0, '1718935498', 3.70, 4, 1),
(104, 51, 171, 0, '', 0, '1718935498', 4.70, 4, 1),
(105, 51, 172, 0, '', 0, '1718935498', 4.70, 4, 1),
(106, 51, 173, 0, '', 0, '1718935498', 4.70, 4, 1),
(107, 51, 176, 0, '', 0, '1718935498', 4.70, 4, 1),
(108, 30, 65, 50, '1718935890', 173, '1718935897', 107.90, 2, 2),
(109, 52, 178, 0, '', 0, '1718940976', 3.70, 3, 1),
(110, 52, 179, 0, '', 0, '1718940976', 3.70, 3, 1),
(111, 52, 180, 0, '', 0, '1718940976', 3.70, 3, 1),
(112, 52, 182, 0, '', 0, '1718940976', 3.70, 3, 1),
(113, 52, 177, 0, '', 0, '1718940976', 4.70, 3, 1),
(114, 52, 181, 0, '', 0, '1718940976', 5.60, 3, 1),
(115, 54, 189, 0, '', 0, '1718941548', 3.70, 4, 1),
(116, 54, 190, 0, '', 0, '1718941548', 3.70, 4, 1),
(117, 54, 191, 0, '', 0, '1718941548', 3.70, 4, 1),
(118, 55, 193, 0, '', 0, '1718941625', 3.70, 3, 1),
(119, 55, 194, 0, '', 0, '1718941625', 3.70, 3, 1),
(120, 55, 192, 0, '', 0, '1718941625', 4.70, 3, 1),
(121, 56, 196, 0, '', 0, '1718941766', 3.70, 4, 1),
(122, 56, 197, 0, '', 0, '1718941766', 3.70, 4, 1),
(123, 56, 195, 0, '', 0, '1718941766', 4.70, 4, 1),
(124, 57, 199, 0, '', 0, '1718941966', 3.70, 3, 1),
(125, 57, 200, 0, '', 0, '1718941966', 3.70, 3, 1),
(126, 57, 198, 0, '', 0, '1718941966', 4.70, 3, 1),
(127, 58, 201, 0, '', 0, '1718942149', 3.70, 3, 1),
(128, 58, 202, 0, '', 0, '1718942149', 3.70, 3, 1),
(129, 58, 203, 0, '', 0, '1718942149', 3.70, 3, 1),
(130, 17, 30, 57, '1718942178', 268, '1718942185', 231.40, 2, 2),
(131, 59, 206, 0, '', 0, '1718942359', 2.80, 3, 1),
(132, 59, 205, 0, '', 0, '1718942359', 3.70, 3, 1),
(133, 59, 204, 0, '', 0, '1718942359', 4.70, 3, 1),
(134, 33, 78, 59, '1719002508', 1207, '1719002515', 1202.00, 1, 2),
(135, 51, 172, 60, '1719002580', 1118, '1719002586', 1336.40, 3, 2),
(136, 51, 171, 60, '1719002580', 1118, '1719002586', 1336.40, 3, 2),
(137, 51, 175, 60, '1719002580', 1118, '1719002586', 1108.00, 3, 2),
(138, 51, 174, 60, '1719002580', 1118, '1719002586', 1108.00, 3, 2),
(139, 51, 176, 60, '1719002580', 1118, '1719002586', 1336.40, 3, 2),
(140, 51, 173, 60, '1719002580', 1118, '1719002586', 1336.40, 3, 2),
(141, 58, 203, 61, '1719002695', 1009, '1719002701', 999.00, 2, 2),
(142, 58, 202, 61, '1719002695', 1009, '1719002701', 999.00, 2, 2),
(143, 58, 201, 61, '1719002695', 1009, '1719002701', 999.00, 2, 2),
(144, 59, 206, 62, '1719002812', 1008, '1719002818', 1003.00, 2, 2),
(145, 59, 205, 62, '1719002812', 1008, '1719002818', 998.00, 2, 2),
(146, 59, 204, 62, '1719002812', 1008, '1719002818', 1193.40, 2, 2),
(147, 57, 200, 63, '1719002852', 1015, '1719002859', 1005.00, 2, 2),
(148, 57, 199, 63, '1719002852', 1015, '1719002859', 1005.00, 2, 2),
(149, 57, 198, 63, '1719002852', 1015, '1719002859', 1202.50, 2, 2),
(150, 52, 182, 64, '1719002933', 1033, '1719002938', 1023.00, 3, 2),
(151, 52, 180, 64, '1719002933', 1033, '1719002938', 1023.00, 3, 2),
(152, 52, 179, 64, '1719002933', 1033, '1719002938', 1023.00, 3, 2),
(153, 52, 178, 64, '1719002933', 1033, '1719002938', 1023.00, 3, 2),
(154, 52, 181, 64, '1719002933', 1033, '1719002938', 1362.20, 3, 2),
(155, 52, 177, 64, '1719002933', 1033, '1719002938', 1225.90, 3, 2),
(156, 46, 143, 65, '1719003716', 1221, '1719003727', 1211.00, 2, 2),
(157, 46, 141, 65, '1719003716', 1221, '1719003727', 1211.00, 2, 2),
(158, 46, 146, 65, '1719003716', 1221, '1719003727', 1216.00, 2, 2),
(159, 46, 145, 65, '1719003716', 1221, '1719003727', 1216.00, 2, 2),
(160, 46, 144, 65, '1719003716', 1221, '1719003727', 1216.00, 2, 2),
(161, 46, 142, 65, '1719003716', 1221, '1719003727', 1216.00, 2, 2),
(162, 46, 140, 65, '1719003716', 1221, '1719003727', 1216.00, 2, 2),
(163, 60, 208, 0, '', 0, '1719354311', 3.70, 2, 1),
(164, 60, 209, 0, '', 0, '1719354311', 3.70, 2, 1),
(165, 60, 207, 0, '', 0, '1719354311', 4.70, 2, 1),
(166, 37, 96, 71, '1719365994', 7250, '1719366001', 7240.00, 3, 2),
(167, 20, 82, 72, '1719366029', 7239, '1719366034', 7229.00, 2, 2),
(168, 42, 123, 73, '1719366075', 7239, '1719366087', 7229.00, 1, 2),
(169, 42, 122, 74, '1719367109', 7256, '1719367123', 7251.00, 1, 2),
(170, 47, 151, 75, '1719367639', 7259, '1719367648', 10078.60, 1, 2),
(171, 47, 147, 76, '1719368079', 7266, '1719368089', 10088.40, 2, 2),
(172, 47, 152, 77, '1719403618', 7859, '1719403663', 7849.00, 1, 2),
(173, 47, 150, 77, '1719403618', 7859, '1719403663', 7849.00, 1, 2),
(174, 47, 149, 77, '1719403618', 7859, '1719403663', 7849.00, 1, 2),
(175, 47, 148, 77, '1719403618', 7859, '1719403663', 7849.00, 1, 2),
(176, 54, 191, 78, '1719403695', 7702, '1719403707', 7692.00, 2, 2),
(177, 54, 190, 78, '1719403695', 7702, '1719403707', 7692.00, 2, 2),
(178, 54, 189, 78, '1719403695', 7702, '1719403707', 7692.00, 2, 2),
(179, 49, 164, 79, '1719403996', 7853, '1719404024', 10091.90, 2, 2),
(180, 56, 197, 80, '1719404719', 7716, '1719404728', 7706.00, 2, 2),
(181, 56, 196, 80, '1719404719', 7716, '1719404728', 7706.00, 2, 2),
(182, 56, 195, 80, '1719404719', 7716, '1719404728', 9913.80, 2, 2),
(183, 60, 207, 81, '1719408628', 905, '1719408637', 1059.50, 2, 2),
(184, 60, 209, 82, '1719409348', 917, '1719409354', 907.00, 1, 2),
(185, 60, 208, 83, '1719410124', 930, '1719410130', 920.00, 2, 2),
(186, 61, 210, 0, '', 0, '1719411538', 5.60, 2, 1),
(187, 62, 213, 0, '', 0, '1719411569', 3.70, 2, 1),
(188, 62, 214, 0, '', 0, '1719411569', 4.70, 2, 1),
(189, 62, 215, 0, '', 0, '1719411569', 4.70, 2, 1),
(190, 62, 214, 86, '1719411661', 2, '1719411673', 0.00, 3, 2),
(191, 63, 216, 0, '', 0, '1719426152', 2.80, 2, 1),
(192, 63, 218, 0, '', 0, '1719426152', 2.80, 2, 1),
(193, 63, 217, 0, '', 0, '1719426152', 4.70, 2, 1),
(194, 61, 210, 88, '1719426246', 245, '1719426255', 259.00, 1, 2),
(195, 62, 215, 89, '1719426268', 245, '1719426274', 201.50, 2, 2),
(196, 62, 213, 89, '1719426268', 245, '1719426274', 235.00, 2, 2),
(197, 63, 217, 90, '1719426466', 5, '1719426475', 0.00, 2, 2),
(198, 63, 218, 91, '1719426622', 8, '1719426629', 3.00, 2, 2),
(199, 63, 216, 92, '1719426835', 11, '1719426841', 6.00, 2, 2),
(200, 64, 220, 0, '', 0, '1719427953', 2.80, 2, 1),
(201, 64, 221, 0, '', 0, '1719427953', 3.70, 2, 1),
(202, 64, 219, 0, '', 0, '1719427953', 5.60, 2, 1),
(203, 67, 225, 0, '', 0, '1720067481', 2.80, 3, 1),
(204, 67, 226, 0, '', 0, '1720067481', 2.80, 3, 1),
(205, 67, 229, 0, '', 0, '1720067481', 2.80, 3, 1),
(206, 67, 230, 0, '', 0, '1720067481', 3.70, 3, 1),
(207, 67, 231, 0, '', 0, '1720067481', 3.70, 3, 1),
(208, 67, 227, 0, '', 0, '1720067481', 5.60, 3, 1),
(209, 64, 221, 95, '1720464510', 17276, '1720464520', 17266.00, 2, 2),
(210, 64, 220, 95, '1720464510', 17276, '1720464520', 17271.00, 2, 2),
(211, 64, 219, 95, '1720464510', 17276, '1720464520', 24102.40, 2, 2),
(212, 67, 231, 96, '1720464876', 6623, '1720464895', 6613.00, 3, 2),
(213, 67, 229, 96, '1720464876', 6623, '1720464895', 6618.00, 3, 2),
(214, 67, 226, 96, '1720464876', 6623, '1720464895', 6618.00, 3, 2),
(215, 67, 225, 96, '1720464876', 6623, '1720464895', 6618.00, 3, 2),
(216, 66, 222, 0, '', 0, '1720735853', 2.80, 3, 1),
(217, 66, 223, 0, '', 0, '1720735853', 2.80, 3, 1),
(218, 66, 224, 0, '', 0, '1720735853', 3.70, 3, 1),
(219, 67, 230, 98, '1720740174', 11212, '1720740182', 11202.00, 1, 2),
(220, 67, 227, 98, '1720740174', 11212, '1720740182', 15612.80, 1, 2),
(221, 66, 224, 99, '1720740240', 73, '1720740250', 63.00, 1, 2),
(222, 68, 232, 0, '', 0, '1720740490', 4.70, 2, 1),
(223, 68, 233, 0, '', 0, '1720740490', 5.60, 2, 1),
(224, 68, 234, 0, '', 0, '1720740490', 5.60, 2, 1),
(225, 69, 235, 0, '', 0, '1720740599', 2.80, 3, 1),
(226, 70, 236, 0, '', 0, '1720740803', 35.00, 1, 1),
(227, 71, 237, 0, '', 0, '1720740889', 35.00, 2, 1),
(228, 70, 236, 104, '1720741956', 19, '1720742051', 15.00, 2, 2),
(229, 66, 223, 105, '1720742555', 112, '1720742575', 107.00, 1, 2),
(230, 66, 222, 105, '1720742555', 112, '1720742575', 107.00, 1, 2),
(231, 72, 240, 0, '', 0, '1720742671', 2.80, 2, 1),
(232, 72, 238, 0, '', 0, '1720742671', 3.70, 2, 1),
(233, 68, 234, 107, '1720742764', 38, '1720742772', 0.00, 1, 2),
(234, 68, 233, 108, '1721083081', 5710, '1721083090', 7910.00, 1, 2),
(235, 68, 232, 108, '1721083081', 5710, '1721083090', 7306.00, 1, 2),
(236, 85, 282, 0, '', 0, '1721365583', 3.70, 2, 1),
(237, 85, 283, 0, '', 0, '1721365583', 4.70, 2, 1),
(238, 91, 299, 0, '', 0, '1721428177', 5.60, 2, 1),
(239, 72, 238, 111, '1721431400', 11479, '1721431407', 11469.00, 2, 2),
(240, 74, 244, 0, '', 0, '1721868724', 4.70, 2, 1),
(241, 74, 310, 0, '', 0, '1721868724', 4.70, 2, 1),
(242, 78, 254, 0, '', 0, '1721868785', 2.80, 1, 1),
(243, 78, 256, 0, '', 0, '1721868785', 2.80, 1, 1),
(244, 78, 301, 0, '', 0, '1721868785', 2.80, 1, 1),
(245, 78, 302, 0, '', 0, '1721868785', 2.80, 1, 1),
(246, 84, 279, 0, '', 0, '1721869039', 2.80, 1, 1),
(247, 84, 280, 0, '', 0, '1721869039', 2.80, 1, 1),
(248, 84, 281, 0, '', 0, '1721869039', 2.80, 1, 1),
(249, 88, 290, 0, '', 0, '1721869216', 2.80, 2, 1),
(250, 88, 291, 0, '', 0, '1721869216', 2.80, 2, 1),
(251, 88, 292, 0, '', 0, '1721869216', 2.80, 2, 1),
(252, 88, 311, 0, '', 0, '1721869216', 2.80, 2, 1),
(253, 88, 312, 0, '', 0, '1721869216', 2.80, 2, 1),
(254, 88, 313, 0, '', 0, '1721869216', 2.80, 2, 1),
(255, 88, 313, 116, '1721869285', 1, '1721869296', 0.00, 4, 2),
(256, 88, 312, 116, '1721869285', 1, '1721869296', 0.00, 4, 2),
(257, 88, 311, 116, '1721869285', 1, '1721869296', 0.00, 4, 2),
(258, 88, 292, 116, '1721869285', 1, '1721869296', 0.00, 4, 2),
(259, 88, 291, 116, '1721869285', 1, '1721869296', 0.00, 4, 2),
(260, 88, 290, 116, '1721869285', 1, '1721869296', 0.00, 4, 2),
(261, 89, 294, 0, '', 0, '1722297949', 2.80, 1, 1),
(262, 89, 294, 118, '1722298697', 12, '1722298703', 7.00, 1, 2),
(263, 87, 287, 0, '', 0, '1722298753', 2.80, 2, 1),
(264, 87, 314, 0, '', 0, '1722298753', 3.70, 2, 1),
(265, 87, 314, 120, '1722298764', 0, '1722298775', 0.00, 0, 2),
(266, 87, 287, 120, '1722298764', 0, '1722298775', 0.00, 0, 2),
(267, 84, 281, 121, '1722299448', 7173, '1722299457', 7168.00, 1, 2),
(268, 84, 280, 121, '1722299448', 7173, '1722299457', 7168.00, 1, 2),
(269, 84, 279, 121, '1722299448', 7173, '1722299457', 7168.00, 1, 2),
(270, 90, 296, 0, '', 0, '1722299535', 3.70, 2, 1),
(271, 90, 296, 123, '1722299555', 0, '1722299567', 0.00, 0, 2),
(272, 92, 300, 0, '', 0, '1722299692', 2.80, 3, 1),
(273, 92, 300, 125, '1722299699', 0, '1722299708', 0.00, 0, 2),
(274, 78, 302, 126, '1722309203', 7340, '1722309209', 7335.00, 2, 2),
(275, 78, 301, 126, '1722309203', 7340, '1722309209', 7335.00, 2, 2),
(276, 78, 256, 126, '1722309203', 7340, '1722309209', 7335.00, 2, 2),
(277, 78, 254, 126, '1722309203', 7340, '1722309209', 7335.00, 2, 2),
(278, 74, 310, 127, '1722309216', 7342, '1722309222', 9427.60, 2, 2),
(279, 74, 244, 127, '1722309216', 7342, '1722309222', 9427.60, 2, 2),
(280, 69, 235, 128, '1722310782', 26170, '1722310787', 26165.00, 2, 2),
(281, 95, 316, 0, '', 0, '1722310817', 2.80, 2, 1),
(282, 95, 318, 0, '', 0, '1722310817', 3.70, 2, 1),
(283, 95, 315, 0, '', 0, '1722310817', 4.70, 2, 1),
(284, 95, 317, 0, '', 0, '1722310817', 4.70, 2, 1),
(285, 96, 322, 0, '', 0, '1722311046', 3.70, 2, 1),
(286, 96, 321, 0, '', 0, '1722311046', 4.70, 2, 1),
(287, 85, 283, 131, '1722547224', 19694, '1722547231', 25485.20, 1, 2),
(288, 85, 282, 131, '1722547224', 19694, '1722547231', 19684.00, 1, 2),
(289, 72, 240, 132, '1722547240', 30076, '1722547328', 30071.00, 1, 2),
(290, 91, 299, 133, '1722547332', 18653, '1722547338', 26030.20, 1, 2),
(291, 95, 317, 134, '1722547356', 3942, '1722547363', 5007.60, 2, 2),
(292, 97, 325, 0, '', 0, '1722547473', 2.80, 1, 1),
(293, 97, 326, 0, '', 0, '1722547473', 2.80, 1, 1),
(294, 97, 324, 0, '', 0, '1722547473', 3.70, 1, 1),
(295, 97, 323, 0, '', 0, '1722547473', 4.70, 1, 1),
(296, 95, 316, 136, '1722547480', 3944, '1722547487', 3939.00, 1, 2),
(297, 95, 315, 136, '1722547480', 3944, '1722547487', 5010.20, 1, 2),
(298, 97, 323, 137, '1722547495', 0, '1722547501', 0.00, 0, 2),
(299, 97, 324, 138, '1722547543', 1, '1722547549', 0.00, 0, 2),
(300, 96, 321, 139, '1722547553', 3942, '1722547560', 5007.60, 2, 2),
(301, 95, 318, 140, '1722548885', 3968, '1722548891', 3958.00, 1, 2),
(302, 96, 322, 141, '1722548918', 3965, '1722548924', 3955.00, 2, 2),
(303, 97, 326, 142, '1722548929', 24, '1722548935', 19.00, 1, 2),
(304, 97, 325, 142, '1722548929', 24, '1722548935', 19.00, 1, 2),
(305, 98, 328, 0, '', 0, '1722558685', 3.70, 1, 1),
(306, 98, 329, 0, '', 0, '1722558685', 4.70, 1, 1),
(307, 100, 337, 0, '', 0, '1722561607', 2.80, 1, 1),
(308, 98, 328, 145, '1722561634', 49, '1722561642', 39.00, 2, 2),
(309, 94, 306, 0, '', 0, '1722571512', 4.70, 3, 1),
(310, 94, 309, 0, '', 0, '1722571512', 4.70, 3, 1),
(311, 99, 351, 0, '', 0, '1722571564', 3.70, 1, 1),
(312, 101, 352, 0, '', 0, '1722572618', 3.70, 1, 1),
(313, 103, 350, 0, '', 0, '1723069151', 2.80, 1, 1),
(314, 103, 348, 0, '', 0, '1723069151', 4.70, 1, 1),
(315, 103, 349, 0, '', 0, '1723069151', 4.70, 1, 1),
(316, 103, 347, 0, '', 0, '1723069151', 5.60, 1, 1),
(317, 102, 343, 0, '', 0, '1723073345', 2.80, 1, 1),
(318, 102, 344, 0, '', 0, '1723073345', 2.80, 1, 1),
(319, 102, 345, 0, '', 0, '1723073345', 2.80, 1, 1),
(320, 102, 346, 0, '', 0, '1723073345', 2.80, 1, 1);

-- --------------------------------------------------------

--
-- Estrutura para tabela `tbimpressos`
--

CREATE TABLE `tbimpressos` (
  `idimpresso` int(11) NOT NULL,
  `idevento` int(11) NOT NULL,
  `variavel` varchar(250) NOT NULL,
  `conteudo` varchar(5000) NOT NULL
) ENGINE=InnoDB DEFAULT CHARSET=utf8mb4 COLLATE=utf8mb4_general_ci;

-- --------------------------------------------------------

--
-- Estrutura para tabela `tbpacotes`
--

CREATE TABLE `tbpacotes` (
  `id_pacote` int(11) NOT NULL,
  `descricao` varchar(250) NOT NULL,
  `rotulo_cliente` varchar(250) NOT NULL,
  `id_evento` int(11) NOT NULL,
  `ativo` int(11) NOT NULL DEFAULT 1,
  `valor` decimal(6,2) NOT NULL,
  `duracao` int(11) NOT NULL,
  `tolerancia` int(11) NOT NULL,
  `min_adicional` decimal(6,2) NOT NULL
) ENGINE=InnoDB DEFAULT CHARSET=utf8mb4 COLLATE=utf8mb4_general_ci;

--
-- Despejando dados para a tabela `tbpacotes`
--

INSERT INTO `tbpacotes` (`id_pacote`, `descricao`, `rotulo_cliente`, `id_evento`, `ativo`, `valor`, `duracao`, `tolerancia`, `min_adicional`) VALUES
(1, 'Visit ante 2.8', 'Pacote padrão', 1, 1, 2.80, 5, 2, 1.00),
(2, 'Lojista', 'Premium', 1, 1, 3.70, 10, 3, 1.00),
(3, 'Outros', 'menor de 6 anos', 1, 1, 4.70, 90, 12, 1.30),
(4, 'Influencer', 'Master', 1, 1, 5.60, 60, 13, 1.40),
(5, 'Pacote evt 2', 'Pacote evt 2', 2, 1, 35.00, 4, 10, 1.00);

-- --------------------------------------------------------

--
-- Estrutura para tabela `tbperfil_acesso`
--

CREATE TABLE `tbperfil_acesso` (
  `idperfil` int(11) NOT NULL,
  `idevento` int(11) NOT NULL,
  `titulo` varchar(250) NOT NULL,
  `ativo` int(11) NOT NULL DEFAULT 1,
  `descricao` varchar(300) NOT NULL,
  `padrao_evento` int(11) NOT NULL
) ENGINE=InnoDB DEFAULT CHARSET=utf8mb4 COLLATE=utf8mb4_general_ci;

--
-- Despejando dados para a tabela `tbperfil_acesso`
--

INSERT INTO `tbperfil_acesso` (`idperfil`, `idevento`, `titulo`, `ativo`, `descricao`, `padrao_evento`) VALUES
(1, 1, 'Menor de 1,20cm', 1, '', 0),
(2, 1, 'PNE - PCD', 1, '', 0),
(3, 1, 'Responsável acompanhante', 1, '', 0),
(4, 1, 'Perfil padrão', 1, '', 1),
(5, 2, 'Menor de 80cm', 1, '', 0),
(6, 2, 'Um outro item', 1, '', 0),
(7, 2, 'Responsável acompanhante', 1, '', 0),
(8, 2, 'Perfil padrão', 1, '', 1);

-- --------------------------------------------------------

--
-- Estrutura para tabela `tbprevenda`
--

CREATE TABLE `tbprevenda` (
  `id_prevenda` int(11) NOT NULL,
  `id_responsavel` int(11) NOT NULL,
  `id_evento` int(11) NOT NULL,
  `data_acesso` date NOT NULL,
  `prevenda_status` int(11) NOT NULL DEFAULT 1,
  `datahora_solicita` varchar(250) NOT NULL,
  `datahora_efetiva` varchar(250) NOT NULL,
  `datahora_efetiva_saida` varchar(250) NOT NULL,
  `pre_pgtotipo` int(11) NOT NULL,
  `pre_pgtovalor` decimal(10,2) NOT NULL,
  `pre_pgtodatahora` varchar(250) NOT NULL,
  `pre_reservadatahora` varchar(250) NOT NULL,
  `origem_prevenda` int(11) NOT NULL DEFAULT 1
) ENGINE=InnoDB DEFAULT CHARSET=utf8mb4 COLLATE=utf8mb4_general_ci;

--
-- Despejando dados para a tabela `tbprevenda`
--

INSERT INTO `tbprevenda` (`id_prevenda`, `id_responsavel`, `id_evento`, `data_acesso`, `prevenda_status`, `datahora_solicita`, `datahora_efetiva`, `datahora_efetiva_saida`, `pre_pgtotipo`, `pre_pgtovalor`, `pre_pgtodatahora`, `pre_reservadatahora`, `origem_prevenda`) VALUES
(1, 1, 1, '2024-05-08', 6, '1715180400', '1715561552', '1', 0, 0.00, '', '', 1),
(2, 3, 1, '2024-05-09', 6, '1715280420', '1715729868', '1', 0, 0.00, '', '', 1),
(3, 4, 1, '2024-05-09', 6, '1715280574', '1715569594', '1', 0, 0.00, '', '', 1),
(4, 5, 1, '2024-05-10', 6, '1715316948', '1715561313', '1', 0, 0.00, '', '', 1),
(5, 6, 1, '2024-05-11', 6, '1715402126', '', '1', 0, 0.00, '', '', 1),
(6, 7, 1, '2024-05-13', 6, '1715575454', '1715575537', '1', 0, 0.00, '', '', 1),
(7, 8, 1, '2024-05-14', 6, '1715735703', '1715743161', '1', 0, 0.00, '', '', 1),
(8, 9, 1, '2024-05-15', 6, '1715790265', '1715807982', '1', 0, 0.00, '', '', 1),
(9, 10, 1, '2024-05-21', 6, '1715811221', '1716260400', '1', 0, 0.00, '', '', 1),
(14, 1, 1, '2024-05-22', 6, '1716354132', '1716354350', '1', 0, 0.00, '', '', 1),
(15, 1, 1, '2024-05-22', 9, '1716361483', '', '1', 0, 0.00, '', '', 1),
(16, 14, 1, '2024-05-22', 9, '1716400276', '', '1', 0, 0.00, '', '', 1),
(17, 15, 1, '2024-05-22', 6, '1716401048', '1718926095', '1', 0, 0.00, '', '', 1),
(18, 15, 1, '2024-05-22', 9, '1716406797', '', '1', 0, 0.00, '', '', 1),
(19, 16, 1, '2024-05-22', 6, '19', '1716417870', '1', 0, 0.00, '', '', 1),
(20, 16, 1, '2024-05-22', 6, '1716417775', '1718931667', '1', 0, 0.00, '', '1718781097', 1),
(21, 17, 1, '2024-05-22', 9, '1716419253', '', '1', 0, 0.00, '', '', 1),
(22, 18, 1, '2024-06-04', 5, '1717532948', '', '1', 2, 14.00, '1718074506', '', 1),
(23, 18, 2, '2024-06-04', 9, '1717533266', '', '1', 0, 0.00, '', '', 1),
(24, 18, 1, '2024-06-10', 0, '1718070228', '', '1', 0, 0.00, '', '', 1),
(25, 18, 1, '2024-06-10', 6, '1718074528', '1718801379', '1', 2, 7.50, '1718160457', '', 1),
(26, 18, 1, '2024-06-11', 6, '1718161058', '1718923688', '1', 0, 0.00, '', '', 1),
(27, 18, 1, '2024-06-17', 6, '1718675714', '', '1', 0, 0.00, '', '1718676252', 1),
(28, 18, 1, '2024-06-18', 6, '1718762115', '1718925363', '1', 0, 0.00, '', '1718762672', 1),
(29, 18, 1, '2024-06-18', 6, '1718762688', '1718925440', '1', 0, 3.70, '1718762764', '1718762764', 1),
(30, 18, 1, '2024-06-19', 6, '1718776373', '1718925539', '1', 0, 4.70, '1718779501', '1718779501', 1),
(31, 18, 1, '2024-06-19', 0, '1718779524', '', '1', 0, 0.00, '', '', 1),
(32, 18, 1, '2024-06-19', 90, '1718779651', '', '1', 0, 0.00, '', '', 1),
(33, 18, 1, '2024-06-19', 6, '1718779727', '1718930091', '1', 0, 0.00, '', '1718781724', 1),
(34, 16, 1, '2024-06-19', 6, '1718781114', '1718801457', '1', 0, 0.00, '', '1718781133', 1),
(35, 18, 1, '2024-06-19', 6, '1718782038', '1718930697', '1', 0, 0.00, '', '1718782083', 1),
(36, 18, 1, '2024-06-19', 6, '1718782146', '1718930830', '1', 0, 0.00, '', '1718783931', 1),
(37, 18, 1, '2024-06-19', 6, '1718783942', '1718930981', '1', 0, 0.00, '', '1718783969', 1),
(38, 18, 1, '2024-06-19', 0, '1718783976', '', '1', 0, 0.00, '', '1718784766', 1),
(39, 18, 1, '2024-06-19', 0, '1718785536', '', '1', 0, 0.00, '', '', 1),
(40, 18, 1, '2024-06-19', 0, '1718785744', '', '1', 0, 0.00, '', '', 1),
(41, 18, 1, '2024-06-19', 0, '1718786270', '', '1', 0, 0.00, '', '', 1),
(42, 18, 1, '2024-06-19', 6, '1718786309', '1718931760', '1', 0, 0.00, '', '1718786336', 1),
(43, 18, 1, '2024-06-19', 0, '1718786362', '', '1', 0, 0.00, '', '', 1),
(44, 18, 1, '2024-06-19', 0, '1718789396', '', '1', 0, 0.00, '', '', 1),
(45, 18, 1, '2024-06-20', 0, '1718930334', '', '1', 0, 0.00, '', '', 1),
(46, 18, 1, '2024-06-20', 6, '1718930368', '1718930482', '1', 0, 0.00, '', '1718930432', 1),
(47, 18, 1, '2024-06-20', 6, '1718932035', '1718932101', '1', 0, 0.00, '', '1718932071', 1),
(48, 18, 1, '2024-06-20', 6, '1718932148', '1718932201', '1', 0, 0.00, '', '1718932176', 1),
(49, 18, 1, '2024-06-20', 6, '1718932753', '1718932807', '1', 0, 0.00, '', '1718932785', 1),
(50, 18, 1, '2024-06-20', 6, '1718932876', '1718932937', '1', 0, 0.00, '', '1718932903', 1),
(51, 18, 1, '2024-06-20', 6, '1718935365', '1718935498', '1', 0, 0.00, '', '1718935397', 1),
(52, 18, 1, '2024-06-21', 6, '1718940900', '1718940976', '1', 0, 0.00, '', '1718940933', 1),
(53, 18, 1, '2024-06-21', 0, '1718941414', '', '1', 0, 0.00, '', '', 1),
(54, 18, 1, '2024-06-21', 6, '1718941459', '1718941548', '1', 0, 0.00, '', '1718941481', 1),
(55, 18, 1, '2024-06-21', 6, '1718941490', '1718941625', '1', 0, 0.00, '', '1718941507', 1),
(56, 18, 1, '2024-06-21', 6, '1718941678', '1718941766', '1', 0, 0.00, '', '1718941700', 1),
(57, 18, 1, '2024-06-21', 6, '1718941710', '1718941966', '1', 0, 0.00, '', '1718941729', 1),
(58, 18, 1, '2024-06-21', 6, '1718942072', '1718942149', '1', 0, 0.00, '', '1718942091', 1),
(59, 18, 1, '2024-06-21', 6, '1718942316', '1718942359', '1', 0, 0.00, '', '1718942334', 1),
(60, 18, 1, '2024-06-25', 6, '1719354256', '1719354311', '1', 0, 0.00, '', '1719354284', 1),
(61, 18, 1, '2024-06-25', 6, '1719358417', '1719411538', '1', 0, 0.00, '', '1719358429', 1),
(62, 18, 1, '2024-06-26', 6, '1719411504', '1719411569', '1', 0, 0.00, '', '1719411520', 1),
(63, 18, 1, '2024-06-26', 6, '1719413405', '1719426152', '1', 0, 0.00, '', '1719413422', 1),
(64, 18, 1, '2024-06-26', 6, '1719426999', '1719427953', '1', 0, 0.00, '', '1719427015', 1),
(65, 18, 1, '2024-07-03', 0, '1720043617', '', '1', 0, 0.00, '', '', 1),
(66, 18, 1, '2024-07-03', 6, '1720054366', '1720735853', '1', 0, 0.00, '', '', 1),
(67, 23, 1, '2024-07-04', 6, '1720062960', '1720067481', '1', 0, 0.00, '', '', 2),
(68, 18, 1, '2024-07-11', 6, '1720740391', '1720740490', '1', 0, 0.00, '', '', 2),
(69, 24, 1, '2024-07-11', 6, '1720740551', '1720740599', '1', 0, 0.00, '', '', 2),
(70, 25, 2, '2024-07-11', 6, '1720740668', '1720740803', '1', 0, 0.00, '', '', 2),
(71, 26, 2, '2024-07-11', 2, '1720740843', '1720740889', '1', 0, 0.00, '', '', 2),
(72, 18, 1, '2024-07-11', 6, '1720742654', '1720742671', '1', 0, 0.00, '', '', 2),
(73, 18, 1, '2024-07-15', 0, '1721069209', '', '1', 0, 0.00, '', '', 1),
(74, 27, 1, '2024-07-15', 6, '1721069298', '1721868724', '1', 0, 0.00, '', '1721070773', 1),
(75, 18, 1, '2024-07-15', 0, '1721072970', '', '1', 0, 0.00, '', '', 1),
(76, 18, 1, '2024-07-15', 0, '1721072990', '', '1', 0, 0.00, '', '', 1),
(77, 18, 1, '2024-07-15', 0, '1721073040', '', '1', 0, 0.00, '', '', 1),
(78, 18, 1, '2024-07-15', 6, '1721077914', '1721868785', '1', 0, 0.00, '', '1721081476', 1),
(79, 18, 1, '2024-07-15', 0, '1721081994', '', '1', 0, 0.00, '', '', 1),
(80, 18, 1, '2024-07-15', 0, '1721082457', '', '1', 0, 0.00, '', '', 1),
(81, 18, 1, '2024-07-18', 0, '1721324952', '', '1', 0, 0.00, '', '', 1),
(82, 18, 1, '2024-07-18', 0, '1721325057', '', '1', 0, 0.00, '', '', 1),
(83, 18, 1, '2024-07-18', 0, '1721340021', '', '1', 0, 0.00, '', '', 1),
(84, 18, 1, '2024-07-18', 6, '1721340171', '1721869039', '1', 0, 0.00, '', '1721414351', 1),
(85, 28, 1, '2024-07-19', 6, '1721361778', '1721365583', '1', 0, 0.00, '', '', 2),
(86, 18, 1, '2024-07-19', 0, '1721416605', '', '1', 0, 0.00, '', '', 1),
(87, 18, 1, '2024-07-19', 6, '1721422333', '1722298753', '1', 0, 0.00, '', '1721422435', 1),
(88, 18, 1, '2024-07-19', 6, '1721422444', '1721869216', '1', 0, 0.00, '', '1721422618', 1),
(89, 18, 1, '2024-07-19', 6, '1721423263', '1722297949', '1', 0, 0.00, '', '1721425767', 1),
(90, 18, 1, '2024-07-19', 6, '1721427378', '1722299535', '1', 0, 0.00, '', '1721427716', 1),
(91, 29, 1, '2024-07-19', 6, '1721428099', '1721428177', '1', 0, 0.00, '', '', 2),
(92, 30, 1, '2024-07-19', 6, '1721428559', '1722299692', '1', 0, 0.00, '', '', 2),
(93, 18, 1, '2024-07-24', 0, '1721843964', '', '1', 0, 0.00, '', '', 1),
(94, 18, 1, '2024-07-24', 2, '1721851266', '1722571512', '1', 0, 0.00, '', '1722550549', 1),
(95, 18, 1, '2024-07-30', 6, '1722310802', '1722310817', '1', 0, 0.00, '', '', 2),
(96, 18, 1, '2024-07-30', 6, '1722311024', '1722311046', '1', 0, 0.00, '', '', 2),
(97, 18, 1, '2024-08-01', 6, '1722547384', '1722547473', '1', 0, 0.00, '', '', 2),
(98, 18, 1, '2024-08-01', 5, '1722550931', '1722558685', '', 0, 0.00, '', '1722550979', 1),
(99, 18, 1, '2024-08-01', 2, '1722551049', '1722571564', '', 0, 0.00, '', '1722551128', 1),
(100, 18, 1, '2024-08-01', 2, '1722551136', '1722561607', '', 0, 0.00, '', '1722551155', 1),
(101, 18, 1, '2024-08-01', 2, '1722551628', '1722572618', '', 0, 0.00, '', '1722551649', 1),
(102, 18, 1, '2024-08-01', 2, '1722551688', '1723073345', '', 0, 0.00, '', '1722551719', 1),
(103, 18, 1, '2024-08-01', 6, '1722553170', '1723069151', '1723073284', 0, 0.00, '', '1723049121', 1),
(104, 18, 1, '2024-08-07', 9, '1723068626', '', '', 0, 0.00, '', '', 1);

-- --------------------------------------------------------

--
-- Estrutura para tabela `tbresponsavel`
--

CREATE TABLE `tbresponsavel` (
  `id_responsavel` int(11) NOT NULL,
  `nome` varchar(250) NOT NULL,
  `cpf` varchar(250) NOT NULL,
  `email` varchar(250) NOT NULL,
  `telefone1` varchar(250) NOT NULL,
  `telefone2` varchar(250) NOT NULL,
  `nascimento` date NOT NULL,
  `datahora_input` varchar(250) NOT NULL,
  `ativo` int(11) NOT NULL DEFAULT 1
) ENGINE=InnoDB DEFAULT CHARSET=utf8mb4 COLLATE=utf8mb4_general_ci;

--
-- Despejando dados para a tabela `tbresponsavel`
--

INSERT INTO `tbresponsavel` (`id_responsavel`, `nome`, `cpf`, `email`, `telefone1`, `telefone2`, `nascimento`, `datahora_input`, `ativo`) VALUES
(1, 'alessandro silva', '12356789', 'ale.tpd@gmail.com', '23423423423', '', '0000-00-00', '1715180400', 1),
(2, '34534', '34534', 'fgdfg', '', '', '0000-00-00', '1715278543', 1),
(3, 'epaminondas', '00000000123', 'epa@minondas', '989898', '98989', '0000-00-00', '1715280420', 1),
(4, 'fulaninho', '565765765', 'fula@ninho', '6876876', '876876876', '0000-00-00', '1715280574', 1),
(5, 'harvey specter', '71717171', 'harvey@specter.com', '34343434', '56565656', '0000-00-00', '1715316948', 1),
(6, 'Daniel cardoso', '5675675675', 'asdas@asdas', '3232423', '43534534', '0000-00-00', '1715402126', 1),
(7, 'Thanos da Silva', '7987987987', 'thanos@silva', '987654321', '123456789', '0000-00-00', '1715575454', 1),
(8, 'fulano de tal', '9999999', 'fulano@detal', '165654654', '65465465', '0000-00-00', '1715735703', 1),
(9, 'nome da pessoa 1', '54654654654', 'pessoa1@pessoal.com', '4879865', '8798498', '0000-00-00', '1715790265', 1),
(10, 'sdfsdfsd', '8798798', 'fsdfsd', '45445', '545454', '0000-00-00', '1715811221', 1),
(11, 'epaminondas', '878787', 'epa@minondas', '989898', '98989', '0000-00-00', '1716353345', 1),
(12, 'epaminondas', '878787', 'epa@minondas', '989898', '98989', '0000-00-00', '1716353363', 1),
(13, 'epaminondas', '878787', 'epa@minondas', '989898', '98989', '0000-00-00', '1716353385', 1),
(14, 'Beltrano de Souza', '654654', 'bel@trano.com', '234234234', '', '0000-00-00', '1716400276', 1),
(15, 'jose do patrocinio', '696961', 'jose@patrocinio', '23434534', '', '0000-00-00', '1716401048', 1),
(16, 'Daniel.. bbb', '11109588704', 'B@c.com', '21818181818', '', '0000-00-00', '1716417612', 1),
(17, 'd', '1119588703', '', '', '', '0000-00-00', '1716419253', 1),
(18, 'alessandro pinto', '07316221704', 'ale@ale.com.br', '(45) 4654-545', '(54) 65465-4654', '0000-00-00', '1717532948', 1),
(19, 'alessandro silkkk', '7316221704', 'ale@ale.com.br', '11111111111', '22222222222222', '0000-00-00', '1720043542', 1),
(20, 'alessandro silkkk', '7316221704', 'ale@ale.com.br', '11111111111', '22222222222222', '0000-00-00', '1720054183', 1),
(21, 'alessandro silkkk', '7316221704', 'ale@ale.com.br', '11111111111', '22222222222222', '0000-00-00', '1720054239', 1),
(22, 'alessandro silkkk', '7316221704', 'ale@ale.com.br', '11111111111', '22222222222222', '0000-00-00', '1720054268', 1),
(23, 'fulano das candongas', '7316221700', 'fulano@candonga.com', '987954654', '65465465', '0000-00-00', '1720062960', 1),
(24, 'tiozao qualquer', '98765432122', 'tio@zao.com', '564654654', '', '0000-00-00', '1720740551', 1),
(25, 'nosso pai', '5454554654', 'pai@nosso', '54654654', '', '0000-00-00', '1720740668', 1),
(26, 'odin', '987987987', 'odin@odin', '54654654654', '1321321', '0000-00-00', '1720740843', 1),
(27, 'asdas', '13143939796', 'dasda@asdas', '12312', '', '0000-00-00', '1721069298', 1),
(28, 'ba kbasj lkj', '81395931097', 'asdas@sdsdff', '454654654', '654654654', '0000-00-00', '1721361778', 1),
(29, 'ser humano cad', '92644602092', 'ser@humano', '(54) 65465-4654', '(54) 65465-4654', '0000-00-00', '1721428099', 1),
(30, 'beltrano de souza', '19599361075', 'bel@trano.com', '(98) 79879-8798', '(98) 79879-8798', '0000-00-00', '1721428559', 1);

-- --------------------------------------------------------

--
-- Estrutura para tabela `tbtermo`
--

CREATE TABLE `tbtermo` (
  `idtermo` int(11) NOT NULL,
  `idevento` int(11) NOT NULL,
  `dataatualiza` varchar(150) NOT NULL,
  `useratualiza` int(11) NOT NULL,
  `ativo` int(11) NOT NULL DEFAULT 1,
  `textotermo` varchar(8000) NOT NULL
) ENGINE=InnoDB DEFAULT CHARSET=utf8mb4 COLLATE=utf8mb4_general_ci;

--
-- Despejando dados para a tabela `tbtermo`
--

INSERT INTO `tbtermo` (`idtermo`, `idevento`, `dataatualiza`, `useratualiza`, `ativo`, `textotermo`) VALUES
(1, 1, '1718240040', 1, 1, '<p>Responsável: {{responsavelnome}}</p>\r\n<p>Participante: {{participantenome}} - Idade: {{participanteidade}}</p>\r\n<p>O evento de parque com camas elásticas e tobogãs da empresa denominada Multicenografia Eventos, inscrita sob CNPJ 29.617.436/0001-06 em conformidade com o art. 31 do CDC, informa que exerce atividade de entretenimento, oferecendo aos seus usuários espaço com: Tobogã linear e espiral, Tirolesa, Corredor de rede, Cama elástica, Parede de escalada, Barra de equilíbrio sobre piscina de espuma, Pêndulos com bolas; que contam com equipamentos de última geração e equipe de profissionais altamente capacitada para prestar as orientações quanto a sua correta utilização; que o seu entretenimento disponibilizado aos seus usuários se trata de atividade esportiva de grande impacto físico. Em decorrência das informações acima, assim, o(s) usuário(s) acima identificado(s) firma(m) o presente termo de ciência e liberação de responsabilidade, nos termos a seguir:</p>\r\n            <ol>\r\n                <li>O(s) usuário(s) acima qualificado(s), assim como seu responsável (quando aplicável):<br>\r\n                    Declara(m), para todos os fins de direito, que não possui doenças pré-existentes que possam desencadear algum problema médico advindo do uso dos equipamentos disponibilizados pela fornecedora, e que tem pleno conhecimento dos riscos das atividades de entretenimento disponibilizadas pela Multicenografia Eventos; e assume, voluntariamente, todos os riscos decorrentes dessa atividade, como por exemplo (mas não se limitando) entorses, fraturas, ferimentos, rupturas, arranhões, luxações, contusões etc., e me comprometo a respeitar e cumprir rigorosamente às regras e orientações do estabelecimento pela fornecedora de serviços, isentando a Multicenografia Eventos, de qualquer responsabilidade, civil ou criminal, por danos físicos, emocionais ou materiais, bem comoproblema(s) de saúde pré-existente(s), desconhecido(s) ou não, bem como diagnóstico(s) futuro(s)de doença(s).</li>\r\n                    <li>Autoriza (m) a Multicenografia Eventos a reprimir, e até mesmo proibir, sua permanência em suas dependências, na hipótese de descumprir os termos do Regulamento e das Regras de Segurança, bem como, de ser constatada qualquer alteração comportamental que ponha em risco a minha integridade física, dos menores por mim representados, ou de terceiros; e assumo integral responsabilidade pela reparação dos danos que der causa, sejam eles pessoais, materiais e morais.</li>\r\n                    <li>Autoriza (m) a Multicenografia Eventos e o Shopping a fazer uso dasfilmagens, gravações ou fotografias captadas dentro do seu ambiente, para fins de direito ou de divulgação publicitária, sem que caracterize uso indevido de imagem ou qualquer violação de direitos, bem como, autoriza a utilização das referidas imagens do menor que representa. </li>\r\n                    <li>Autoriza (m) a Multicenografia Eventos, em caso de acidente, a solicitar serviços médicos de emergência e de ambulância do SAMU – Serviço de Atendimento Móvel de Urgência ou do Corpo de Bombeiros Militar.</li>\r\n                    <li>Declara(m) que leu(ram) e têm ciência do Regulamento e das Regras de Segurança do evento, ressaltando que: o(s) usuário(s) necessitam ter altura IGUAL ou SUPERIOR a 90cm, sendo esta a altura mínima para uso do espaço. Não é permitido o ingresso de crianças menores de 90cm, mesmo que acompanhadas de um responsável. Crianças de 90cm a 120cm deverão estar acompanhadas de um responsável, que terá direito a entrada gratuita para acompanhar o menor; crianças a partir de 120cm podem entrar sem acompanhante, desde que o responsável se mantenha no entorno do evento; menores de idade, independente da altura, deverão ter o termo de responsabilidade assinado por um responsável maior de idade para adentrar o parque. É obrigatório apresentar o documento do menor em nossa recepção.</li>\r\n                    <li>É proibido o acesso de maiores de 18 anos, a menos que estes estejam como acompanhantes de um menor de idade.</li>\r\n                    <li>Aceita(m) de forma total e irrestrita todos os seus termos e condições, servindo esta declaração de que o usuário e/ou seu responsável não tem qualquer impedimento e/ou problema de saúde para aderir referido regulamento.</li>\r\n                    <li>Assume(m) a responsabilidade civil e criminal pela veracidade de todas as informações acima preenchidas, declarando serem verídicas e regulares.</li>\r\n                    <li>O responsável pelo menor declara, para todos os fins de direito, que o representa legalmente, e que o autoriza à prática da atividade fornecida pela Multicenografia Eventos, e que tem conhecimento do risco acima, concordando que todos os efeitos deste documento se apliquem também ao menor usuário sob sua responsabilidade.</li>\r\n                    <li>Declara(m) que leu/leram e compreendeu/compreenderam atentamente os termos deste documento, concordando com o mesmo, assinando-o voluntariamente.\r\n                    As informações aqui contidas são confidenciais, e possuem apenas a finalidade de atender ao comando estabelecido pelo art. 31 do Código de Defesa do Consumidor. Caso alguma parte deste acordo seja considerada nula, anulável ou não aplicável à legislação brasileira, por determinação judicial, a parte remanescente permanecerá em pleno vigor e efeito. O presente Termo de Responsabilidade tem a validade por tempo indeterminado, a contar da presente data.</li>\r\n            </ol>\r\n            <p>Fica, desde já, eleito o Tribunal de Justiça do Estado para a solução de quaisquer questões referentes ao presente termo.</p>\r\n            <p>{{cidadetermo}}, {{datahoje}}</p>');

-- --------------------------------------------------------

--
-- Estrutura para tabela `tbuserlog`
--

CREATE TABLE `tbuserlog` (
  `id` int(11) NOT NULL,
  `idusuario` int(11) NOT NULL,
  `datahora` varchar(250) NOT NULL,
  `codigolog` int(11) NOT NULL,
  `ipusuario` varchar(300) NOT NULL,
  `acao` varchar(1000) NOT NULL
) ENGINE=InnoDB DEFAULT CHARSET=utf8mb4 COLLATE=utf8mb4_general_ci;

--
-- Despejando dados para a tabela `tbuserlog`
--

INSERT INTO `tbuserlog` (`id`, `idusuario`, `datahora`, `codigolog`, `ipusuario`, `acao`) VALUES
(1, 1, '1720464183', 1, '::1', 'login de usuário'),
(2, 1, '1720464299', 1, '::1', 'login de usuário'),
(3, 1, '1720464392', 1, '::1', 'login de usuário'),
(4, 1, '1720735777', 1, '::1', 'login de usuário'),
(5, 1, '1720742548', 1, '::1', 'login de usuário'),
(6, 1, '1721082752', 1, '127.0.0.1', 'login de usuário'),
(7, 1, '1721360112', 1, '127.0.0.1', 'login de usuário'),
(8, 1, '1721414621', 1, '::1', 'login de usuário'),
(9, 1, '1721427745', 1, '::1', 'login de usuário'),
(10, 1, '1721853261', 1, '127.0.0.1', 'login de usuário'),
(11, 1, '1722296840', 1, '127.0.0.1', 'login de usuário'),
(12, 1, '1722298690', 1, '127.0.0.1', 'login de usuário'),
(13, 1, '1722301107', 1, '127.0.0.1', 'login de usuário'),
(14, 1, '1722303321', 1, '127.0.0.1', 'login de usuário'),
(15, 1, '1722305001', 1, '127.0.0.1', 'login de usuário'),
(16, 1, '1722309198', 1, '127.0.0.1', 'login de usuário'),
(17, 1, '1722310177', 1, '127.0.0.1', 'login de usuário'),
(18, 1, '1722547218', 1, '127.0.0.1', 'login de usuário'),
(19, 1, '1722553372', 1, '127.0.0.1', 'login de usuário'),
(20, 1, '1722556875', 1, '127.0.0.1', 'login de usuário'),
(21, 1, '1722560096', 1, '127.0.0.1', 'login de usuário'),
(22, 1, '1722565776', 1, '127.0.0.1', 'login de usuário'),
(23, 1, '1722566517', 1, '127.0.0.1', 'login de usuário'),
(24, 1, '1722566646', 1, '127.0.0.1', 'login de usuário'),
(25, 1, '1722567083', 1, '127.0.0.1', 'login de usuário'),
(26, 1, '1722567101', 1, '127.0.0.1', 'login de usuário'),
(27, 1, '1722567165', 1, '127.0.0.1', 'login de usuário'),
(28, 1, '1722571302', 1, '::1', 'login de usuário'),
(29, 1, '1722571470', 1, '127.0.0.1', 'login de usuário'),
(30, 1, '1723049217', 1, '::1', 'login de usuário'),
(31, 1, '1723068900', 1, '::1', 'login de usuário'),
(32, 1, '1723071090', 1, '::1', 'login de usuário'),
(33, 1, '1723072690', 1, '::1', 'login de usuário');

-- --------------------------------------------------------

--
-- Estrutura para tabela `tbusuarios`
--

CREATE TABLE `tbusuarios` (
  `id_usuario` int(11) NOT NULL,
  `nome` varchar(250) NOT NULL,
  `login` varchar(250) NOT NULL,
  `senha` varchar(250) NOT NULL,
  `perfil` int(11) NOT NULL,
  `ativo` int(11) NOT NULL DEFAULT 1
) ENGINE=InnoDB DEFAULT CHARSET=utf8mb4 COLLATE=utf8mb4_general_ci;

--
-- Despejando dados para a tabela `tbusuarios`
--

INSERT INTO `tbusuarios` (`id_usuario`, `nome`, `login`, `senha`, `perfil`, `ativo`) VALUES
(1, 'Usuario Master', 'master@user', 'e19d5cd5af0378da05f63f891c7467af', 1, 1);

-- --------------------------------------------------------

--
-- Estrutura para tabela `tbusuarios_evento`
--

CREATE TABLE `tbusuarios_evento` (
  `id_userevento` int(11) NOT NULL,
  `idusuario` int(11) NOT NULL,
  `idevento` int(11) NOT NULL,
  `ativo` int(11) NOT NULL DEFAULT 1
) ENGINE=InnoDB DEFAULT CHARSET=utf8mb4 COLLATE=utf8mb4_general_ci;

--
-- Despejando dados para a tabela `tbusuarios_evento`
--

INSERT INTO `tbusuarios_evento` (`id_userevento`, `idusuario`, `idevento`, `ativo`) VALUES
(1, 1, 1, 1),
(2, 1, 2, 1);

-- --------------------------------------------------------

--
-- Estrutura para tabela `tbvinculados`
--

CREATE TABLE `tbvinculados` (
  `id_vinculado` int(11) NOT NULL,
  `id_responsavel` int(11) NOT NULL,
  `nome` varchar(250) NOT NULL,
  `nascimento` date NOT NULL,
  `tipo` int(11) NOT NULL,
  `lembrar` int(11) NOT NULL
) ENGINE=InnoDB DEFAULT CHARSET=utf8mb4 COLLATE=utf8mb4_general_ci;

--
-- Despejando dados para a tabela `tbvinculados`
--

INSERT INTO `tbvinculados` (`id_vinculado`, `id_responsavel`, `nome`, `nascimento`, `tipo`, `lembrar`) VALUES
(1, 1, 'Maria Alice', '2022-01-13', 1, 1),
(2, 1, 'João Victor', '2022-12-12', 2, 1),
(3, 1, 'Huguinho', '2000-01-01', 3, 0),
(4, 1, 'Zezinho', '2024-05-06', 1, 0),
(5, 1, 'mais um', '2024-02-01', 2, 0),
(6, 1, 'harvey specter', '2016-08-26', 4, 0),
(7, 4, 'filho 001', '2000-01-01', 2, 0),
(8, 4, 'filho 002', '2024-05-21', 1, 0),
(9, 4, 'filho 003', '2024-05-14', 2, 0),
(10, 4, 'filho 004', '2024-05-07', 2, 0),
(11, 5, 'mike ross', '2011-02-02', 2, 0),
(12, 5, 'louis litt', '2012-03-03', 3, 0),
(13, 4, 'uma pessoa qualquer', '2024-05-29', 1, 0),
(14, 4, 'carlos', '2024-05-30', 1, 0),
(15, 4, 'pessoinha', '2024-05-28', 1, 0),
(16, 4, 'outro participante', '2024-05-23', 1, 0),
(17, 4, 'sfdsfd', '2024-05-20', 4, 0),
(18, 4, 'bunda le le ', '2004-10-21', 2, 0),
(19, 6, 'Helena Rosa', '2024-05-23', 1, 0),
(20, 6, 'Carlos Junior', '2024-05-28', 2, 0),
(21, 3, 'tony stark', '2024-05-14', 2, 0),
(22, 7, 'filho do thanos mais novo', '2024-05-31', 2, 0),
(23, 7, 'thanos junior', '2024-06-01', 4, 0),
(24, 8, 'baby 01', '2024-05-27', 2, 0),
(25, 8, 'baby 02', '2024-05-17', 1, 0),
(26, 9, 'mais um aqui', '2024-05-30', 2, 0),
(27, 9, 'mais um aqui', '2024-05-30', 2, 0),
(28, 9, 'mais um aqui', '2024-05-30', 2, 0),
(29, 9, 'mais um aqui', '2024-05-30', 2, 0),
(30, 10, 'xdcsdfsd', '2024-05-30', 3, 0),
(31, 1, 'beltraninho', '2000-05-05', 1, 0),
(32, 1, 'enzo', '2000-01-01', 2, 0),
(33, 15, 'dfgdfg', '2024-05-17', 2, 0),
(34, 16, 'Nenena', '2024-05-30', 2, 0),
(35, 16, 'Carlinhos ', '2024-05-13', 3, 0),
(36, 18, 'joazinho', '2000-05-05', 3, 0),
(37, 18, 'ei pessoinha 123', '2010-01-06', 2, 1),
(38, 18, 'oooooooooooo', '2024-06-19', 2, 0),
(39, 18, 'mais uim', '2024-06-14', 1, 0),
(40, 18, 'palito', '2000-05-05', 2, 0),
(41, 18, 'mais um aqui', '2002-02-18', 1, 0),
(42, 18, 'trty rty rt', '2024-06-12', 3, 0),
(43, 18, 'outra crianca', '2024-06-07', 2, 1),
(44, 18, 'filano de tal', '2018-11-08', 3, 1),
(45, 18, 'outro fulano', '2008-05-05', 3, 0),
(46, 18, 'dfg dfg df', '2024-06-04', 2, 0),
(47, 18, 'dfsdf sdf sd', '2024-06-25', 2, 0),
(48, 18, 'dfsdfs', '2024-05-30', 3, 0),
(49, 18, 'sdfsdfsd', '2024-06-14', 2, 0),
(50, 18, 'reewrgerg', '2024-06-13', 2, 0),
(51, 18, 'dasas', '2024-06-13', 2, 0),
(52, 18, 'outro nome', '2024-06-10', 1, 0),
(53, 18, 'alessandro junior', '2024-05-31', 1, 0),
(54, 18, 'swedfsdfsd', '2024-06-10', 3, 0),
(55, 18, 'sdfsdf', '2024-06-22', 3, 0),
(56, 18, 'fdg dfg df gdf ', '2024-06-15', 3, 0),
(57, 18, 'dfgdfgdf', '2024-06-07', 2, 0),
(58, 18, 'dfdfgd', '2024-06-21', 3, 0),
(59, 18, 'ffgdfgd', '2024-05-27', 2, 0),
(60, 18, 'fgfgdfg', '2024-06-03', 3, 0),
(61, 18, 'fulanin', '2024-05-30', 3, 0),
(62, 18, 'd sd fsdsd ', '2024-06-13', 2, 0),
(63, 18, 'nenem', '2010-11-18', 3, 0),
(64, 18, 'joana', '2000-04-05', 2, 0),
(65, 18, 'fgh fgh fgh fg', '2024-05-29', 1, 0),
(66, 18, 'dfg dfg df', '2024-06-07', 3, 0),
(67, 18, 'ghmchgmch', '2024-06-13', 2, 0),
(68, 18, 'Mais um aqui', '2024-06-14', 2, 0),
(69, 18, 'filho da vizinha', '2024-02-07', 2, 0),
(70, 16, 'Helena rosa', '2024-06-05', 1, 1),
(71, 18, 'criança de fora', '2024-03-07', 2, 0),
(72, 23, 'fulano jr', '2024-07-23', 3, 0),
(73, 23, 'mais um aqui', '2010-05-05', 3, 0),
(74, 23, 'fgthfghfg', '2024-07-04', 2, 0),
(75, 23, 'gfghfg', '2024-07-23', 2, 0),
(76, 23, 'Peter', '2024-06-30', 3, 0),
(77, 23, 'Zezinho', '2001-01-01', 1, 0),
(78, 23, 'asda sasd as', '2024-07-23', 2, 0),
(79, 23, 'asdasdas', '2024-07-16', 2, 0),
(80, 23, 'bla bla bla', '2024-07-30', 2, 1),
(81, 24, 'kid 01', '2024-02-06', 1, 0),
(82, 25, 'kids algum', '2022-08-17', 1, 0),
(83, 26, 'thor', '2021-11-17', 1, 0),
(84, 27, 'pluft', '2022-01-13', 1, 0),
(85, 18, 'outro ser', '2024-07-20', 2, 0),
(86, 18, 'asdasd', '0000-00-00', 0, 0),
(87, 18, 'sdfsd', '0000-00-00', 0, 0),
(88, 18, 'asdas', '0000-00-00', 0, 0),
(89, 18, 'asdasd', '0000-00-00', 0, 0),
(90, 18, 'sdsdfs', '0000-00-00', 1, 0),
(91, 18, 'filho de ogum', '2010-10-10', 1, 0),
(92, 28, 'sdfsdfsdf', '2019-06-06', 2, 0),
(93, 28, 'outro ser', '2010-02-01', 1, 0),
(94, 29, 'be be', '2000-01-12', 2, 0),
(95, 30, 'fulano de tal', '2020-10-05', 2, 1),
(96, 18, 'aasd as as das', '2013-05-05', 1, 0),
(97, 18, 'asdasdas', '2010-01-01', 2, 0),
(98, 18, 'another cara', '2010-05-05', 1, 0),
(99, 27, 'fulaninho zero', '2019-10-10', 2, 0),
(100, 18, 'asdasdas', '2000-05-05', 2, 1),
(101, 18, 'aasdasda', '2010-10-10', 1, 0),
(102, 18, 'menorzim', '2016-06-06', 2, 0),
(103, 18, 'menozim', '2005-05-05', 2, 0),
(104, 18, 'Huguinho', '2010-05-05', 2, 0),
(105, 18, 'fulanozinho', '2009-10-10', 1, 0);

-- --------------------------------------------------------

--
-- Estrutura para tabela `tbvinculo`
--

CREATE TABLE `tbvinculo` (
  `id_vinculo` int(11) NOT NULL,
  `descricao` varchar(250) NOT NULL,
  `ativo` int(11) NOT NULL DEFAULT 1
) ENGINE=InnoDB DEFAULT CHARSET=utf8mb4 COLLATE=utf8mb4_general_ci;

--
-- Despejando dados para a tabela `tbvinculo`
--

INSERT INTO `tbvinculo` (`id_vinculo`, `descricao`, `ativo`) VALUES
(1, 'Filho(a)', 1),
(2, 'Enteado(a)', 1),
(3, 'Parente', 1),
(4, 'Responsável', 1);

--
-- Índices para tabelas despejadas
--

--
-- Índices de tabela `tbentrada`
--
ALTER TABLE `tbentrada`
  ADD PRIMARY KEY (`id_entrada`);

--
-- Índices de tabela `tbevento`
--
ALTER TABLE `tbevento`
  ADD PRIMARY KEY (`id_evento`);

--
-- Índices de tabela `tbevento_ativo`
--
ALTER TABLE `tbevento_ativo`
  ADD PRIMARY KEY (`id`);

--
-- Índices de tabela `tbfinanceiro`
--
ALTER TABLE `tbfinanceiro`
  ADD PRIMARY KEY (`id`);

--
-- Índices de tabela `tbfinanceiro_detalha`
--
ALTER TABLE `tbfinanceiro_detalha`
  ADD PRIMARY KEY (`iddetalha`);

--
-- Índices de tabela `tbimpressos`
--
ALTER TABLE `tbimpressos`
  ADD PRIMARY KEY (`idimpresso`);

--
-- Índices de tabela `tbpacotes`
--
ALTER TABLE `tbpacotes`
  ADD PRIMARY KEY (`id_pacote`);

--
-- Índices de tabela `tbperfil_acesso`
--
ALTER TABLE `tbperfil_acesso`
  ADD PRIMARY KEY (`idperfil`);

--
-- Índices de tabela `tbprevenda`
--
ALTER TABLE `tbprevenda`
  ADD PRIMARY KEY (`id_prevenda`);

--
-- Índices de tabela `tbresponsavel`
--
ALTER TABLE `tbresponsavel`
  ADD PRIMARY KEY (`id_responsavel`);

--
-- Índices de tabela `tbtermo`
--
ALTER TABLE `tbtermo`
  ADD PRIMARY KEY (`idtermo`);

--
-- Índices de tabela `tbuserlog`
--
ALTER TABLE `tbuserlog`
  ADD PRIMARY KEY (`id`);

--
-- Índices de tabela `tbusuarios`
--
ALTER TABLE `tbusuarios`
  ADD PRIMARY KEY (`id_usuario`);

--
-- Índices de tabela `tbusuarios_evento`
--
ALTER TABLE `tbusuarios_evento`
  ADD PRIMARY KEY (`id_userevento`);

--
-- Índices de tabela `tbvinculados`
--
ALTER TABLE `tbvinculados`
  ADD PRIMARY KEY (`id_vinculado`);

--
-- Índices de tabela `tbvinculo`
--
ALTER TABLE `tbvinculo`
  ADD PRIMARY KEY (`id_vinculo`);

--
-- AUTO_INCREMENT para tabelas despejadas
--

--
-- AUTO_INCREMENT de tabela `tbentrada`
--
ALTER TABLE `tbentrada`
  MODIFY `id_entrada` int(11) NOT NULL AUTO_INCREMENT, AUTO_INCREMENT=357;

--
-- AUTO_INCREMENT de tabela `tbevento`
--
ALTER TABLE `tbevento`
  MODIFY `id_evento` int(11) NOT NULL AUTO_INCREMENT, AUTO_INCREMENT=3;

--
-- AUTO_INCREMENT de tabela `tbevento_ativo`
--
ALTER TABLE `tbevento_ativo`
  MODIFY `id` int(11) NOT NULL AUTO_INCREMENT, AUTO_INCREMENT=3;

--
-- AUTO_INCREMENT de tabela `tbfinanceiro`
--
ALTER TABLE `tbfinanceiro`
  MODIFY `id` int(11) NOT NULL AUTO_INCREMENT, AUTO_INCREMENT=151;

--
-- AUTO_INCREMENT de tabela `tbfinanceiro_detalha`
--
ALTER TABLE `tbfinanceiro_detalha`
  MODIFY `iddetalha` int(11) NOT NULL AUTO_INCREMENT, AUTO_INCREMENT=321;

--
-- AUTO_INCREMENT de tabela `tbimpressos`
--
ALTER TABLE `tbimpressos`
  MODIFY `idimpresso` int(11) NOT NULL AUTO_INCREMENT;

--
-- AUTO_INCREMENT de tabela `tbpacotes`
--
ALTER TABLE `tbpacotes`
  MODIFY `id_pacote` int(11) NOT NULL AUTO_INCREMENT, AUTO_INCREMENT=6;

--
-- AUTO_INCREMENT de tabela `tbperfil_acesso`
--
ALTER TABLE `tbperfil_acesso`
  MODIFY `idperfil` int(11) NOT NULL AUTO_INCREMENT, AUTO_INCREMENT=9;

--
-- AUTO_INCREMENT de tabela `tbprevenda`
--
ALTER TABLE `tbprevenda`
  MODIFY `id_prevenda` int(11) NOT NULL AUTO_INCREMENT, AUTO_INCREMENT=105;

--
-- AUTO_INCREMENT de tabela `tbresponsavel`
--
ALTER TABLE `tbresponsavel`
  MODIFY `id_responsavel` int(11) NOT NULL AUTO_INCREMENT, AUTO_INCREMENT=31;

--
-- AUTO_INCREMENT de tabela `tbtermo`
--
ALTER TABLE `tbtermo`
  MODIFY `idtermo` int(11) NOT NULL AUTO_INCREMENT, AUTO_INCREMENT=2;

--
-- AUTO_INCREMENT de tabela `tbuserlog`
--
ALTER TABLE `tbuserlog`
  MODIFY `id` int(11) NOT NULL AUTO_INCREMENT, AUTO_INCREMENT=34;

--
-- AUTO_INCREMENT de tabela `tbusuarios`
--
ALTER TABLE `tbusuarios`
  MODIFY `id_usuario` int(11) NOT NULL AUTO_INCREMENT, AUTO_INCREMENT=2;

--
-- AUTO_INCREMENT de tabela `tbusuarios_evento`
--
ALTER TABLE `tbusuarios_evento`
  MODIFY `id_userevento` int(11) NOT NULL AUTO_INCREMENT, AUTO_INCREMENT=3;

--
-- AUTO_INCREMENT de tabela `tbvinculados`
--
ALTER TABLE `tbvinculados`
  MODIFY `id_vinculado` int(11) NOT NULL AUTO_INCREMENT, AUTO_INCREMENT=106;

--
-- AUTO_INCREMENT de tabela `tbvinculo`
--
ALTER TABLE `tbvinculo`
  MODIFY `id_vinculo` int(11) NOT NULL AUTO_INCREMENT, AUTO_INCREMENT=5;
COMMIT;

/*!40101 SET CHARACTER_SET_CLIENT=@OLD_CHARACTER_SET_CLIENT */;
/*!40101 SET CHARACTER_SET_RESULTS=@OLD_CHARACTER_SET_RESULTS */;
/*!40101 SET COLLATION_CONNECTION=@OLD_COLLATION_CONNECTION */;
